,Zone,PIB Croissance annuelle US$,PIB Croissance annuelle US$ par habitant,PIB Valeur US $,PIB Valeur US $ par habitant,distance_to_france,country,region,Femmes,Hommes,Population rurale,Population totale,Population urbaine,Volailles - Disponibilité intérieure (Milliers de tonnes),Volailles - Importations - Quantité (Milliers de tonnes),Volailles - Production (Milliers de tonnes),Blé - Aliments pour animaux (Milliers de tonnes),Blé - Importations - Quantité (Milliers de tonnes),Blé - Production (Milliers de tonnes),Maïs - Aliments pour animaux (Milliers de tonnes),Maïs - Importations - Quantité (Milliers de tonnes),Maïs - Production (Milliers de tonnes),"Inflation, consumer prices (annual %)",Agricultural land (% of land area),CO2 emissions (kt),Container port traffic (TEU: 20 foot equivalent units),Population density (people per sq. km of land area),Merchandise exports (current US$),Merchandise imports (current US$),Rail lines (total route-km),country_code,Revenu National,PIB Domestique,Revenu national avant impôt - p0p50,Revenu national avant impôt - p90p100,Revenu national avant impôt - p99p100
0,Afghanistan,2.636658,0.289848,18904.490263,496.940553,5572.98095852077,AF,Asia,18679.089,19090.409,27626.382,37769.499,9582.625,69.0,44.0,28.0,0.0,2534.0,4890.0,118.0,131.0,185.0,2.30237251516844,58.2769881790166,11238.83,1229081.0,57.9082516903546,864000000,6777000000,2977.5,AF,3525.3261,3768.6449,0.1779,0.4101,0.1508
1,Afrique du Sud,-4.526818,-5.775297,351430.991183,6001.389576,8789.48065983061,ZA,Africa,29879.107,28207.948,19244.858,58087.055,38820.239,2178.0,488.0,1816.0,23.0,2009.0,1597.0,5698.0,609.0,11276.0,4.12024587014984,79.4178502831612,446626,4529034,47.8835494481036,90016000000,107539000000,20953,ZA,15501.8995,18839.5988,0.058,0.6541,0.1931
2,Albanie,1.608539,1.672835,15400.237155,5345.602513,1545.669868608897,AL,Europe,1435.198,1438.686,1139.266,2873.883,1799.162,35.0,22.0,13.0,29.0,308.0,233.0,420.0,99.0,389.0,1.41109078954248,42.8467153284672,4993.3,145762,104.167554744526,2716000000,5897000000,2977.5,AL,12460.1298,14704.0295,0.183,0.3449,0.0933
3,Algérie,-2.426783,-4.295718,171158.234285,3975.519002,2023.635531887154,DZ,Africa,20948.465,21756.903,11442.587,42705.368,31236.431,280.0,0.0,285.0,712.0,6788.0,3877.0,3440.0,4383.0,6.0,1.95176821052894,17.3649641165853,170582.4,1793990,17.9303156808402,35312000000,44632000000,4020.25,DZ,12956.7691,14951.7098,0.1902,0.3808,0.0991
4,Allemagne,-2.236766,-2.696367,3888326.788627,46557.284069,815.828970128518,DE,Europe,42124.562,41023.579,18651.132,83148.141,63787.507,1538.0,831.0,1544.0,7100.0,5367.0,23499.0,5820.0,4865.0,3665.0,1.44565976888251,47.7002776267209,658693.5,15029605,237.822954291766,1489412000000,1233978000000,33423,DE,43387.228,50590.0051,0.188,0.3745,0.1305
5,Angola,-11.776659,-14.591763,89417.18912,2809.626403,6574.640062591715,AO,Africa,16370.553,15983.035,10751.626,32353.588,21035.94,314.0,265.0,49.0,30.0,907.0,3.0,1347.0,239.0,2819.0,17.0797044074954,45.6825940482875,24382.9,672212,25.9513820486083,34726000000,14127000000,2977.5,AO,9863.8187,11988.1518,0.0904,0.5801,0.2598
6,Antigua-et-Barbuda,5.08043,4.180217,1687.533333,17376.112907,6659.442734327673,AG,Americas,48.156,43.961,78.577,92.117,25.507,7.0,7.0,0.0,0.0,8.0,0.0,0.0,0.0,0.0,2.227478809383,40.44699488220985,17873.55,1229081.0,81.8442208657917,10869000000.0,13897500000.0,2977.5,,20807.3355,25331.682,0.1452,0.45389999999999997,0.1501
7,Arabie saoudite,0.819424,-0.845101,792966.83819,23139.798657,4546.305163005144,SA,Asia,14991.273,20836.089,5440.3,35827.362,28700.362,1412.0,650.0,800.0,226.0,3578.0,555.0,2285.0,3321.0,135.0,-2.09333333333333,80.7539305202145,526770.3,8905621,16.6662923491294,261603000000,153163000000,2977.5,SA,55867.3772,61982.5349,0.108,0.5441,0.2098
8,Argentine,-13.944717,-14.750924,445445.254556,9947.264856,11464.883091614493,AR,Americas,22592.15,22153.37,3612.215,44745.52,41489.566,2021.0,5.0,2249.0,50.0,13.0,19485.0,16000.0,9.0,56861.0,2.227478809383,39.6032286082823,168162,1833964,16.4208266190179,65116000000,49124000000,17866,AR,19423.0998,23138.8208,0.1315,0.4727,0.1514
9,Arménie,9.322165,9.100914,13619.290546,4604.641377,3496.91223891037,AM,Asia,1545.834,1274.767,1080.164,2820.602,1856.542,55.0,43.0,12.0,112.0,287.0,113.0,22.0,67.0,5.0,1.44344660770702,58.9041095890411,6195.6,1229081.0,99.0727783631893,2640000000,5514000000,698.4,AM,13813.2035,15586.5575,0.1859,0.396,0.15
10,Australie,-5.397355,-6.542375,1380207.832899,54763.202388,15159.11357911555,AU,Oceania,12778.251,12578.919,3481.222,25357.17,21607.414,1240.0,9.0,1276.0,5052.0,795.0,17598.0,175.0,72.0,327.0,1.61076787290379,47.1237724290889,395199.1,8775819,3.29435141874306,271005000000,221564000000,2977.5,AU,41316.6248,51079.1221,0.1716,0.3293,0.0992
11,Autriche,-2.231325,-2.926932,445011.872704,49693.668783,947.6036348151916,AT,Europe,4511.992,4367.948,3636.627,8879.94,5129.574,158.0,113.0,132.0,535.0,1369.0,1664.0,1293.0,1119.0,2299.0,1.53089564152645,32.1280901599612,64497.8,1229081.0,107.609306834707,178670000000,184758000000,4968,AT,46007.2529,56132.527,0.2266,0.3311,0.0972
12,Azerbaïdjan,2.253662,1.254493,48174.235294,4794.54492,3687.797669411426,AZ,Asia,5181.658,5051.096,4403.28,10232.753,5611.295,146.0,39.0,112.0,546.0,1643.0,2114.0,241.0,76.0,284.0,2.61057182799216,57.8278123260822,35521,1229081.0,121.280071139933,19635000000,13668000000,2139.87,AZ,14640.6179,16474.6081,0.2033,0.3822,0.1399
13,Bahamas,2.543882,1.53156,13164.429143,33799.839641,7255.861102599434,BS,Americas,210.821,193.737,67.996,404.557,335.099,22.0,25.0,6.0,0.0,17.0,78.5,1.0,4.0,1.0,2.227478809383,40.44699488220985,17873.55,1229081.0,81.8442208657917,10869000000.0,13897500000.0,2977.5,,33290.6665,39925.5977,0.1039,0.5179,0.183
14,Bahreïn,2.176909,-2.288644,38473.717598,23442.830854,4806.839837803548,BH,Asia,560.779,933.409,173.716,1494.188,1464.18,71.0,63.0,9.0,0.0,155.0,0.0,7.0,14.0,0.0,1.00582004702132,10.9833971902937,32966.8,418933,1908.28607918263,18120000000,13256000000,2977.5,BH,44378.8925,53750.4501,0.1023,0.5572,0.2434
15,Bangladesh,11.654402,10.511157,301051.101806,1846.416377,7995.394579895899,BD,Asia,83352.043,82164.179,105200.1,165516.222,62865.82,260.0,0.0,260.0,788.0,4599.0,1017.0,4504.0,1310.0,3569.0,5.59199639930632,75.6318660213567,92645,3145919,1271.53892601982,39337000000,59094000000,2877,BD,6347.1194,7011.1271,0.1708,0.424,0.1616
16,Barbade,3.41701,3.278652,5297.95,18458.148245,6792.130415347118,BB,Americas,145.957,134.222,197.584,280.18,89.426,18.0,2.0,16.0,2.0,38.0,0.0,30.0,36.0,0.0,4.10028964518463,23.2558139534884,1167.27,98435,651.581395348837,444000000,1581000000,2977.5,BB,13713.7246,16989.9881,0.1452,0.45389999999999997,0.1501
17,Belgique,-1.469808,-1.957791,535288.71524,46388.205209,503.800009816769,BE,Europe,5832.685,5677.883,226.556,11510.568,11336.228,187.0,320.0,448.0,488.0,4924.0,1902.0,1192.0,2110.0,429.0,1.43681956996435,44.7959907529723,92989.4,12389876,379.424702774108,446910000000,428878000000,3615,BE,44254.9889,54054.4847,0.2038,0.3295,0.087
18,Bhoutan,3.420351,2.240715,2530.559003,3316.191236,7711.467253283282,BT,Asia,360.356,407.103,482.419,767.459,343.81,3.0,2.0,1.0,0.0,15.0,1.0,12.0,16.0,46.0,2.72643037388825,13.4504457262716,1433,1229081.0,20.1221552176193,674000000,981000000,2977.5,BT,12056.0233,14352.6113,0.1504,0.4214,0.14
19,Bosnie-Herzégovine,0.093877,0.789016,20202.636114,6120.156351,1239.232166120035,BA,Europe,1708.207,1652.504,1798.985,3360.711,1702.789,69.0,11.0,67.0,100.0,428.0,265.0,1300.0,191.0,1236.0,2.227478809383,40.44699488220985,17873.55,1229081.0,81.8442208657917,10869000000.0,13897500000.0,2977.5,,13041.5923,14883.3396,0.1834,0.3438,0.0956
20,Botswana,-1.612127,-3.731717,18362.405202,7970.842173,7952.471443315881,BW,Africa,1266.499,1233.202,708.307,2499.702,1666.329,8.0,5.0,4.0,0.0,132.0,0.0,26.0,249.0,7.0,2.7728644286333,45.63372328975,7198.3,1229081.0,4.41074585781589,5237000000,6564000000,886,BW,15838.2478,21279.0355,0.0812,0.5926,0.2274
21,Brésil,-1.612948,-2.349607,1886014.572498,8936.360101,8625.29474713015,BR,Americas,107663.08,104119.798,27985.169,211782.878,184407.548,9952.0,5.0,14094.0,500.0,7156.0,5594.0,47168.0,1467.0,101126.0,3.73297621216894,28.3410903622098,434318,10704669,25.3385176606278,221127000000,193162000000,2977.5,BR,15307.4183,18025.6245,0.1014,0.5707,0.2034
22,Bulgarie,3.845581,4.609411,68913.754204,9844.65467,1879.5079106991254,BG,Europe,3631.617,3420.914,1722.907,7052.532,5265.832,162.0,111.0,109.0,87.0,163.0,6321.0,540.0,32.0,4060.0,3.10372944796774,46.3983050847458,39159.9,261934,64.2571941783346,33340000000,37663000000,4030,BG,18510.3011,22855.2361,0.1676,0.4197,0.165
23,Burkina Faso,-0.430319,-3.222746,15990.80321,786.895614,3796.1260320691135,BF,Africa,10520.378,10431.262,14229.173,20951.639,6092.387,204.0,0.0,204.0,0.0,234.0,0.0,453.0,5.0,1711.0,-3.23338933983321,44.3823099415205,5646.5,1229081.0,76.5776279239766,3239000000,4284000000,518,BF,3362.431,3814.9018,0.1036,0.5484,0.1556
24,Burundi,1.543848,-1.584267,3368.533752,292.139142,6151.74781137156,BI,Africa,5980.56,5894.278,10028.767,11874.838,1547.197,7.0,0.0,7.0,6.0,122.0,5.0,9.0,33.0,271.0,-0.686772170797229,79.1666666666667,707.4,1229081.0,462.415809968847,180000000,887000000,2977.5,BI,1159.7391,1367.5148,0.1402,0.4839,0.1474
25,Bénin,0.906426,-1.796465,14391.686309,1219.515479,4105.322402237794,BJ,Africa,6138.319,6152.125,6153.211,12290.444,5648.384,121.0,117.0,15.0,0.0,232.0,0.0,518.0,3.0,1581.0,-0.70502663454275,35.0301525363604,7475.5,510895.6,108.996488116353,3052000000,3932000000,2977.5,BJ,5032.0352,5438.7698,0.1422,0.4694,0.1403
26,Cambodge,10.280952,8.697296,27097.96382,1643.641451,9958.074264015548,KH,Asia,8186.482,8021.264,12558.947,16207.746,3923.699,29.0,1.0,28.0,0.0,75.0,0.0,609.0,30.0,895.0,1.94257500833109,32.56288239293,18093.2,633236,91.8181849082257,14825000000,20279000000,2977.5,KH,4999.1357,5869.5707,0.1391,0.4538,0.1813
27,Cameroun,0.809408,-1.762265,39007.353482,1507.450172,4428.519410658641,CM,Africa,12926.852,12855.489,10892.584,25782.341,14420.409,87.0,2.0,85.0,0.0,839.0,1.0,664.0,66.0,2109.0,2.45280214062733,20.6257536333058,9557.3,370685,54.5415603647056,4084000000,6583000000,884,CM,5933.3581,6486.0402,0.1063,0.5205,0.1585
28,Canada,1.137758,0.228098,1741496.789532,46550.335507,6840.796934804394,CA,Americas,18881.443,18641.142,6903.53,37522.584,30376.281,1530.0,179.0,1506.0,4617.0,1339.0,32688.0,10929.0,2477.0,13404.0,1.94926902411596,6.48668966571079,566001.8,7000133,4.19394931064213,448817000000,462993000000,47987.47,CA,41994.3689,49275.0907,0.1625,0.397,0.1391
29,Chili,-6.111539,-7.215677,279385.478377,14741.711597,11709.16808431781,CL,Americas,9589.082,9450.404,2265.846,19039.485,16070.807,734.0,137.0,769.0,368.0,1311.0,1400.0,3000.0,2463.0,973.0,2.55754475703323,21.076429797238,91915.4,4647086,25.6068131566631,68794000000,69855000000,2396,CL,23698.5028,25953.4401,0.0688,0.6124,0.2399
30,Chine,2.717516,2.27518,14700827.670843,10195.736594,8021.9942694990405,CN,Asia,711442.99,742358.552,568748.198,1453801.543,883204.937,22322.0,1807.0,21518.0,18179.0,5842.0,133626.0,200111.0,9785.0,260958.0,2.89923416358227,56.0770143746388,10762824,243560000,149.367573167744,2499457000000,2078386000000,102462,CN,17132.2629,20383.6035,0.1398,0.4236,0.1466
31,Chypre,0.922676,0.138763,25758.996523,29659.349246,2882.6862500615716,CY,Asia,613.199,615.637,397.812,1228.836,800.615,42.0,15.0,27.0,2.0,100.0,29.0,303.0,317.0,233.0,0.250370996758456,13.5491341991342,7191,389962,132.990909090909,3453000000,9127000000,2977.5,CY,37791.5008,43345.0988,0.2034,0.3369,0.0885
32,Colombie,-3.222139,-4.526358,323429.885859,6424.979431,8604.822987771598,CO,Americas,25408.106,24779.301,9419.54,50187.406,40430.278,1808.0,115.0,1693.0,26.0,1991.0,6.0,4984.0,6004.0,1395.0,3.52301932741443,44.7129337539432,79186.7,4316862,45.2342550698513,39489000000,52703000000,2977.5,CO,14630.0419,17160.3119,0.0814,0.5451,0.1773
33,Comores,0.316476,-1.872154,1192.559711,1401.550515,7680.403549239121,KM,Africa,393.86,397.126,602.75,790.986,248.16,1.0,0.0,1.0,26.0,16.0,78.5,1.0,0.0,6.0,2.227478809383,70.3922622246104,326.2,54358.54,425.032778076303,39000000,265000000,2977.5,KM,4734.7365,5179.8465,0.1139,0.5026,0.1415
34,Costa Rica,2.591095,1.613062,63951.114772,12669.706175,8917.747488849167,CR,Americas,2538.156,2546.376,996.082,5084.532,4003.302,198.0,15.0,145.0,0.0,341.0,0.0,736.0,972.0,13.0,2.09604635327805,34.7728162945554,7956.4,1300785,99.57955346651,11864000000,17573000000,2977.5,CR,20258.3079,22864.9583,0.0847,0.5346,0.1811
35,Croatie,-0.002689,0.629233,62246.204386,15070.610877,1015.7614909310802,HR,Europe,2122.252,2007.499,1770.247,4129.752,2369.901,61.0,30.0,68.0,111.0,332.0,803.0,1276.0,74.0,2298.0,0.771820346498083,26.8744192695304,16523.3,348435,72.6405010363805,17180000000,28160000000,2617,HR,24286.1498,28750.29,0.1904,0.3471,0.0963
36,Cuba,3.376312,3.418735,103428.0,9125.879485,7546.774349164066,CU,Americas,5688.414,5628.282,2630.623,11316.697,8861.423,329.0,294.0,35.0,70.0,739.0,0.0,736.0,874.0,307.0,2.227478809383,61.6666666666667,24418.5,322000,109.024055876686,2062000000,9901000000,2977.5,CU,20662.2171,24661.9449,0.1399,0.4409,0.1364
37,Danemark,-2.600559,-2.933837,347561.349211,60216.357595,1224.2644348462177,DK,Europe,2914.173,2881.706,693.384,5795.878,5081.84,146.0,142.0,158.0,3299.0,568.0,4642.0,340.0,471.0,41.0,0.758131572511619,65.649125,29696.5,880039,145.36055,111076000000,98184000000,2977.5,DK,50526.0483,59655.229,0.2162,0.3324,0.1242
38,Djibouti,8.311198,6.682792,3166.329057,3252.320409,5382.884108060108,DJ,Africa,540.367,533.626,217.689,1073.994,768.001,3.0,3.0,69.0,0.0,272.0,0.0,12.0,43.0,0.0,3.31925372703833,73.4253666954271,428.27,917000,46.3327868852459,3996000000,4138000000,2977.5,DJ,5658.2127,6640.7671,0.1309,0.4955,0.1586
39,Dominique,10.232462,9.951539,611.537037,8516.280039,6755.0365031799765,DM,Americas,35.755,35.673,21.816,71.428,52.863,5.0,4.0,0.0,0.0,3.0,0.0,0.0,0.0,0.0,1.50462353858147,33.3333333333333,174.1,7409,95.2373333333333,19000000,319000000,2977.5,DM,13368.18,13986.2946,0.1452,0.45389999999999997,0.1501
40,Espagne,-1.966796,-2.058916,1393046.093137,29806.208566,801.5424952374997,ES,Europe,24028.434,23102.938,9025.938,47131.372,37415.111,1571.0,188.0,1631.0,5225.0,6042.0,6079.0,11970.0,10107.0,4184.0,0.699518994458693,52.4584917258728,241886.5,17464920,94.3508089023978,334018000000,372750000000,15718,ES,33852.3205,40654.8423,0.2122,0.3412,0.1204
41,Estonie,1.823877,1.614337,31045.591753,23419.18198,2051.007570421951,EE,Europe,699.545,627.494,403.516,1327.039,900.282,29.0,25.0,20.0,161.0,74.0,847.0,13.0,27.0,0.0,2.27725931243518,23.1204678362573,10060.7,241338,31.0385497076023,16101000000,18025000000,2977.5,EE,30337.1028,36990.2816,0.1662,0.4076,0.1692
42,Eswatini,-4.160505,-5.149594,4471.045112,3894.197619,8610.00490472835,SZ,Africa,589.812,579.801,1075.98,1169.613,339.434,8.0,2.0,6.0,1.0,60.0,1.0,44.0,151.0,95.0,2.227478809383,40.44699488220985,17873.55,1229081.0,81.8442208657917,10869000000.0,13897500000.0,2977.5,,14308.86245,17160.489999999998,0.1452,0.45389999999999997,0.1501
43,Fidji,-1.52551,-2.241425,5496.254429,6175.892917,16708.04355128286,FJ,Oceania,457.099,461.366,397.364,918.465,521.393,39.0,5.0,35.0,0.0,183.0,0.0,1.0,2.0,1.0,1.7731018246027,17.1209633278599,1393.5,145782.4,50.2717569786535,1033000000,2734000000,2977.5,FJ,13430.4026,17192.3369,0.1452,0.45389999999999997,0.1501
44,Finlande,-2.514413,-2.683228,268782.47138,48585.483016,2298.4483443625195,FI,Europe,2795.778,2725.759,809.403,5521.537,4751.986,120.0,17.0,139.0,284.0,241.0,914.0,27.0,31.0,0.0,1.02409392963429,7.48198598361465,40987.1,1628170,18.1673609054717,73468000000,73716000000,5923,FI,40093.0853,49599.4839,0.218,0.3312,0.1026
45,France,-2.224564,-2.45716,2728870.246706,40516.996615,0.0,FR,Europe,33258.507,31141.251,12631.632,64399.759,52849.078,1510.0,541.0,1660.0,5955.0,2274.0,40605.0,5204.0,997.0,12845.0,1.10825492288292,52.2706969320089,300561.6,4992918,123.070294051578,570951000000,654658000000,28157,FR,40346.8116,46543.6734,0.2264,0.3242,0.0999
46,Gabon,0.041934,-2.412584,16874.40546,7766.992804,5309.973739355311,GA,Africa,1098.462,1144.323,216.365,2242.785,1892.734,76.0,72.0,4.0,1.0,114.0,0.0,22.0,9.0,45.0,2.46456756151187,8.58710754065277,5274.5,192998,8.70409826522296,6722000000,2538000000,648,GA,18454.8674,21496.5464,0.1442,0.4332,0.1102
47,Gambie,8.090469,4.977553,1805.852806,769.198872,3997.90911468849,GM,Africa,1261.541,1247.342,848.212,2508.883,1379.863,26.0,25.0,2.0,0.0,72.0,0.0,0.0,5.0,17.0,2.227478809383,40.44699488220985,17873.55,1229081.0,81.8442208657917,10869000000.0,13897500000.0,2977.5,,3280.3375,3742.8718,0.1502,0.4587,0.1361
48,Ghana,1.600026,-0.573586,68353.477449,2247.149748,4267.894143613903,GH,Africa,15798.612,15723.678,13029.799,31522.29,17067.171,221.0,153.0,68.0,0.0,746.0,0.0,500.0,14.0,2900.0,7.14364003330858,55.3913158126044,18039.1,1079247,138.535158653424,15668000000,13411000000,2977.5,GH,7249.0898,8283.514,0.1221,0.4891,0.1523
49,Grenade,4.026608,3.516706,1213.4854,10834.400864,7022.057664680296,GD,Americas,61.24,61.483,69.217,122.724,39.608,8.0,7.0,1.0,0.0,13.0,0.0,6.0,6.0,0.0,0.59814976473601,23.5294117647059,346.2,12343,360.952941176471,34000000,480000000,2977.5,GD,14332.9174,18070.4576,0.1452,0.45389999999999997,0.1501
50,Grèce,-3.256455,-2.805772,205144.162906,19587.057271,1783.6752087046661,GR,Europe,5391.864,5182.16,2292.972,10574.024,8831.631,272.0,79.0,230.0,487.0,1220.0,982.0,1756.0,846.0,1234.0,0.25300752203812,45.5173622963538,59990.3,6153567,83.1775174553918,37907000000,62384000000,2280,GR,25245.2214,29976.4177,0.2106,0.3264,0.1084
51,Guinée,13.972967,10.787452,13513.809311,1058.143372,4189.748724752413,GN,Africa,6527.547,6349.991,8507.787,12877.539,4890.393,35.0,40.0,11.0,142.0,422.0,0.0,541.0,5.0,871.0,9.47001039253011,59.0102555754517,4517,248659,52.4073701774377,3945000000,3470000000,2977.5,GN,3564.1901,4395.3574,0.182,0.3789,0.0863
52,Guinée-Bissau,-4.353405,-6.674659,1322.269762,688.351615,4163.963849544478,GW,Africa,998.712,971.745,1098.44,1970.457,855.283,6.0,3.0,3.0,26.0,32.0,78.5,1.0,0.0,10.0,0.246600268147853,28.9868421052632,325.3,28699.98,70.0731507823613,249000000,335000000,2977.5,GW,2832.3574,3186.5893,0.1543,0.4409,0.1196
53,Géorgie,-0.696658,-0.543185,17476.97647,4372.780604,3267.3330429048156,GE,Asia,1996.062,1774.749,1599.187,3770.811,2305.017,73.0,54.0,23.0,21.0,570.0,101.0,133.0,90.0,207.0,4.85289821696731,34.1430421643402,10549.6,601491,65.0855698239966,3798000000,9520000000,1378,GE,13073.0894,16156.758,0.139,0.4903,0.2111
54,Haïti,-11.473795,-12.573382,14006.805987,1243.603856,7318.944938016863,HT,Americas,5625.31,5535.128,4925.256,11160.438,6317.6,110.0,100.0,9.0,59.0,418.0,0.0,14.0,99.0,195.0,18.7037825672506,66.7634252539913,3317.34,177075.5,404.950580551524,1200000000,4513000000,2977.5,HT,4337.9012,4430.8211,0.1039,0.5179,0.183
55,Honduras,4.247122,2.550746,25089.937109,2574.352135,8677.07542678826,HN,Americas,4927.035,5031.794,4044.696,9958.829,5523.992,226.0,15.0,213.0,10.0,363.0,1.0,500.0,746.0,589.0,4.36587159819272,31.3790329788185,10196.4,790707,89.0055322191438,8788000000,12149000000,2977.5,HN,6919.9401,7853.0006,0.1039,0.5179,0.183
56,Hongrie,1.830572,2.070515,163526.491433,16885.070887,1319.989936023051,HU,Europe,5093.203,4678.593,2737.853,9771.796,6917.508,322.0,76.0,532.0,1023.0,337.0,5378.0,2488.0,185.0,8230.0,3.3385863538201,57.8347578347578,47261.8,1229081.0,107.069263642341,123796000000,120590000000,7587.7,HU,24501.263,30265.2848,0.2236,0.3289,0.1143
57,Inde,4.657558,3.602458,2889949.137794,2114.982134,7368.90118144203,IN,Asia,668786.993,714325.057,896909.218,1383112.05,471828.295,4382.0,0.0,4387.0,2603.0,36.0,103596.0,14917.0,323.0,27715.0,3.72950573539126,60.2198133654425,2423951.4,17487621,465.194639427685,324340000000,486059000000,67414.07,IN,7823.4284,8849.5944,0.1313,0.5713,0.2173
58,Indonésie,7.370414,6.198011,1119091.262196,4135.201528,11721.53397515014,ID,Asia,133784.436,135798.442,118636.092,269582.878,150900.39,3966.0,0.0,3975.0,0.0,10976.0,0.0,1894.0,1784.0,19650.0,3.03058664969491,33.1820876379946,605290.6,12111471,143.584633764026,167683000000,171276000000,5483,ID,12565.1227,16288.8186,0.1245,0.4686,0.1785
59,Irlande,3.656838,2.302239,399122.063647,81745.514055,1093.8289753303984,IE,Europe,2470.88,2425.139,1773.798,4896.019,3073.341,135.0,95.0,154.0,786.0,967.0,595.0,1449.0,1548.0,0.0,0.939044481054341,65.6699085498621,35812.2,1063489,71.6263608651473,169625000000,101104000000,1888,IE,43607.6977,97075.6571,0.1967,0.3685,0.1271
60,Islande,-5.365363,-6.012393,24857.740445,73319.963204,2447.128366501924,IS,Europe,175.786,184.988,20.929,360.774,319.637,11.0,2.0,10.0,18.0,58.0,0.0,17.0,23.0,0.0,3.01397179156056,18.565903005058,1638.2,330292,3.5759496181692,5223000000,6567000000,2977.5,IS,52792.7818,61678.4424,0.2567,0.2803,0.0801
61,Israël,6.501774,4.778357,397934.603686,46709.354884,3265.2651664575224,IL,Asia,4320.34,4287.58,643.684,8607.919,7940.232,599.0,0.0,617.0,850.0,1813.0,85.0,1400.0,1727.0,78.0,0.849783128264134,29.5009242144177,62796.3,2917000,418.391866913124,58507000000,76591000000,1598.916,IL,46242.8714,54589.5945,0.1317,0.478,0.1604
62,Italie,-3.946043,-3.823551,2009383.867307,33185.489321,957.6583683886114,IT,Europe,30637.674,29090.258,17329.18,59727.932,41887.345,1200.0,94.0,1358.0,1271.0,8060.0,6739.0,11384.0,6578.0,6279.0,0.611246943765291,44.3699956377212,317223,10789337,201.980545589195,537718000000,475006000000,16778.6,IT,32919.6869,40060.2066,0.1652,0.3726,0.1236
63,Jamaïque,0.63551,0.177027,15830.762952,5369.49283,7769.199157529548,JM,Americas,1417.116,1396.657,1279.22,2813.773,1627.119,165.0,32.0,134.0,0.0,233.0,0.0,261.0,289.0,2.0,3.90510000865876,40.9972299168975,8394.3,1647609,259.812834718375,1651000000,6389000000,2977.5,JM,10316.9128,11729.6691,0.1039,0.5179,0.183
64,Japon,2.221414,2.496903,5148781.948478,40586.234684,9850.103892934118,JP,Asia,64633.006,61158.671,10531.932,125791.677,116322.813,2499.0,1094.0,2298.0,780.0,5680.0,1038.0,12260.0,15992.0,0.0,0.468776159383912,12.0631001371742,1073645.3,23276482,347.415637860082,705564000000,720957000000,2977.5,JP,32296.2829,38839.6192,0.1682,0.4424,0.1286
65,Jordanie,3.657896,2.258483,44502.816901,4405.480596,3399.294771859274,JO,Asia,5143.079,5555.605,885.864,10698.683,9183.93,235.0,62.0,185.0,0.0,928.0,26.0,733.0,797.0,0.0,0.761514047265513,11.6730860193256,23147.9,798160,120.488805549925,8317000000,19170000000,2977.5,JO,12341.3522,13509.4515,0.1431,0.4836,0.1705
66,Kazakhstan,1.297613,0.03185,181667.115805,9792.622196,4752.270913034778,KZ,Asia,9748.515,9005.743,7894.648,18754.258,10698.322,372.0,182.0,214.0,828.0,458.0,11452.0,324.0,18.0,896.0,5.2454767960839,79.2585472459903,204592.2,1229081.0,6.85767789013594,57309000000,37757000000,16060.8,KZ,24772.2382,32362.9918,0.1644,0.412,0.1488
67,Kenya,9.057436,6.606768,100554.205721,1912.6233,6208.772729827912,KE,Africa,25679.257,25272.193,37851.953,50951.45,14362.838,89.0,0.0,89.0,0.0,2029.0,367.0,396.0,265.0,3582.0,5.23585999425422,48.5469304564782,19481.9,1417000,89.5235794356397,5839000000,17655000000,2977.5,KE,6253.8832,7506.7611,0.1301,0.4872,0.1519
68,Kirghizistan,7.253124,5.383841,8871.019823,1382.672572,5651.116485179438,KG,Asia,3218.606,3105.037,3943.164,6323.643,2275.452,37.0,34.0,10.0,150.0,466.0,601.0,522.0,6.0,712.0,2.227478809383,40.44699488220985,17873.55,1229081.0,81.8442208657917,10869000000.0,13897500000.0,2977.5,,5810.2401,7477.9937,0.1687,0.4327,0.1809
69,Kiribati,-9.323037,-10.679267,177.934614,1512.972242,15169.556268013985,KI,Oceania,63.851,60.39,54.392,124.241,66.036,3.0,2.0,1.0,0.0,6.0,78.5,0.0,0.0,233.0,-1.81307995302948,41.9753086419753,73.6,52099.86,153.383950617284,12000000,132000000,2977.5,KI,5463.1784,2922.3598,0.1452,0.45389999999999997,0.1501
70,Koweït,-1.454915,-3.089204,136191.632701,32371.986172,4327.41889055588,KW,Asia,1702.878,2738.222,0.0,4441.1,4248.974,209.0,154.0,61.0,0.0,608.0,0.0,117.0,115.0,26.0,1.09184802655847,8.41750841750842,93863.6,959575.625,249.219977553311,64483000000,33574000000,2977.5,KW,54266.252,51749.6297,0.1177,0.529,0.1896
71,Lesotho,-2.352297,-3.130623,2453.706774,1154.539933,8830.449922468413,LS,Africa,1127.746,1097.956,1637.308,2225.702,655.374,3.0,2.0,2.0,10.0,80.0,1.0,1.0,142.0,35.0,5.18708359197979,70.5533596837945,2300.1,1229081.0,73.3103425559947,1063000000,1783000000,2977.5,LS,4165.3558,3682.9295,0.1128,0.4951,0.1446
72,Lettonie,-0.349239,0.785689,34308.783825,17993.397026,1934.0910753847795,LV,Europe,1032.054,884.501,607.314,1916.555,1303.794,46.0,48.0,35.0,167.0,535.0,2371.0,29.0,101.0,0.0,2.81140920075622,31.4975814357112,7569.1,449850,30.755491989008,15705000000,18959000000,1859.6,LV,24242.8935,31391.8694,0.1742,0.3551,0.0941
73,Liban,-3.111395,-3.059176,53556.297821,7811.922381,3146.28457426828,LB,Asia,2967.783,2814.124,681.91,5781.907,5384.012,133.0,10.0,128.0,4.0,639.0,140.0,590.0,577.0,3.0,3.0053894939038,65.4613880742913,26916.5,1229081,565.191300097752,4829000000,19641000000,2977.5,LB,19781.4657,21727.3433,0.1044,0.5417,0.2053
74,Libye,-21.514672,-22.659889,59830.238583,8827.836565,2579.2311084545954,LY,Africa,3240.076,3329.012,1288.13,6569.088,5281.734,204.0,76.0,129.0,152.0,798.0,140.0,121.0,138.0,3.0,2.227478809383,8.72387101174171,54692.7,271230.6,3.73341214180979,27733000000,17184000000,2977.5,LY,29309.1728,29816.4472,0.1637,0.4412,0.1345
75,Libéria,-5.927754,-8.18366,2582.242493,522.999168,4564.493823086081,LR,Africa,2505.847,2479.442,2408.447,4985.289,2569.273,53.0,38.0,15.0,0.0,48.0,0.0,1.0,2.0,233.0,2.227478809383,20.2869601328904,1146.2,91453.84,51.7575685215947,543000000,1033000000,2977.5,LR,14308.86245,17160.489999999998,0.1452,0.45389999999999997,0.1501
76,Lituanie,1.760839,3.296197,54697.379017,19820.569598,1809.68160956323,LT,Europe,1517.198,1331.885,920.766,2849.083,1943.693,85.0,49.0,100.0,147.0,298.0,3844.0,202.0,380.0,98.0,2.33450937988024,47.5087831363781,11735.8,703000,44.6205206004471,33151000000,35759000000,1911,LT,30944.867,36662.4034,0.0762,0.4319,0.1264
77,Luxembourg,-1.528097,-3.364702,70195.715496,114004.238058,493.7713378926581,LU,Europe,308.142,311.831,52.396,619.973,544.596,12.0,12.0,0.0,26.0,187.0,82.0,6.0,17.0,1.0,1.74332075653843,51.1144084584729,9500.3,1229081.0,240.827591028798,16451000000,24264000000,288,LU,64394.0833,118022.011,0.1969,0.3345,0.101
78,Macédoine du Nord,-1.072476,-1.096312,12547.045163,6022.218418,1641.5682504186211,MK,Europe,1059.539,1054.637,872.081,2114.176,1214.639,42.0,41.0,1.0,75.0,207.0,240.0,170.0,52.0,148.0,0.766439573459688,50.1586042823156,7956.1,1229081.0,82.3431403647898,7189000000,9471000000,683,MK,13581.0117,17098.0202,0.2074,0.306,0.0787
79,Madagascar,2.504583,-0.182551,14104.664678,522.989511,8505.18980434443,MG,Africa,13728.596,13804.538,16758.613,27533.134,10211.029,86.0,0.0,86.0,0.0,399.0,5.0,2.0,5.0,219.0,5.61051441492366,70.2904778274321,3927.7,199712.5,47.3240529391543,2696000000,3942000000,673,MG,2325.4659,2595.2292,0.1248,0.5076,0.1517
80,Malaisie,1.664747,0.32275,364684.031843,11414.290367,10415.34223088804,MY,Asia,16009.996,16794.024,7592.143,32804.02,24862.312,1482.0,73.0,1655.0,35.0,1944.0,40.0,3474.0,4415.0,60.0,0.662891865764376,26.0873535230558,244882,26215322,99.8448333586973,238195000000,204998000000,1655,MY,26771.6428,32791.6068,0.173,0.4027,0.1487
81,Malawi,12.848591,9.907364,11146.123699,598.329222,7351.36755600364,MW,Africa,9698.995,9168.342,16332.17,18867.337,3386.573,105.0,0.0,105.0,0.0,125.0,1.0,156.0,6.0,3392.0,9.37083605605672,59.9278744166313,1643.7,1229081.0,200.12024819686,913000000,2941000000,2977.5,MW,2434.8084,2760.4863,0.1393,0.4841,0.1502
82,Maldives,5.787422,2.747608,5607.747339,10561.664288,8297.898210385152,MV,Asia,212.884,291.624,269.969,504.508,181.769,13.0,13.0,69.0,0.0,41.0,0.0,0.0,0.0,0.0,0.220029731065364,21.3333333333333,1999.5,107728.2,1681.69333333333,361000000,2888000000,2977.5,MV,18433.1209,23079.5799,0.1808,0.3951,0.1308
83,Mali,1.235602,-1.752754,17281.795532,879.12139,3237.544866440595,ML,Africa,10179.843,10387.581,11196.104,20567.424,8493.036,48.0,2.0,55.0,0.0,383.0,8.0,1578.0,1.0,3817.0,-1.65826694846368,33.7660528278383,3937.4,1229081.0,16.8559191601308,3675000000,5134000000,2977.5,ML,3973.3835,4320.3646,0.1475,0.4461,0.1183
84,Malte,2.593977,2.332117,15725.930124,35710.558628,1528.8486930358351,MT,Europe,244.0,259.634,23.057,503.635,410.188,13.0,9.0,4.0,0.0,60.0,0.0,43.0,58.0,0.0,1.64206001768947,32.4375,1658.6,2712853,1575.19375,3178000000,7388000000,2977.5,MT,35311.3029,45142.5595,0.1964,0.3533,0.1094
85,Maroc,1.502623,0.270635,119870.737017,3286.671864,1792.3420593191013,MA,Africa,18022.621,18281.786,13557.256,36304.408,23077.9,847.0,7.0,842.0,2090.0,3904.0,4025.0,651.0,2746.0,40.0,0.303386036590361,66.34978041676,70986.3,6068803,81.3453013667936,29132000000,50734000000,2295,MA,9639.5942,10422.4395,0.1356,0.4943,0.1514
86,Maurice,-0.959827,-1.153513,14045.808217,11062.58346,9255.302245260931,MU,Africa,655.755,640.524,753.079,1296.279,518.289,54.0,4.0,51.0,0.0,171.0,0.0,68.0,120.0,0.0,0.405655190309511,42.3645320197044,4173.7,469011,623.637931034483,2223000000,5596000000,2977.5,MU,22161.2532,24823.5502,0.1481,0.474,0.1589
87,Mauritanie,7.30526,4.403532,7889.655285,1743.302088,3047.8691487456013,MR,Africa,2238.719,2145.13,2120.517,4383.849,2540.632,27.0,31.0,5.0,15.0,685.0,9.0,4.0,21.0,17.0,2.30009262117936,38.4796740079558,3824.8,84457.99,4.25327350344426,2266000000,3520000000,728,MR,8632.0698,9513.4197,0.1678,0.4048,0.1075
88,Mexique,3.805973,2.679234,1268868.331537,9946.016618,9190.116668717856,MX,Americas,63898.082,61187.228,25877.808,125085.311,106450.227,4652.0,1142.0,3515.0,312.0,5249.0,3244.0,19455.0,16718.0,27228.0,3.6359614212705,49.4385143650814,451828.8,7113878,64.3459507703387,460604000000,467118000000,2977.5,MX,19362.0929,24541.0078,0.0622,0.6494,0.2818
89,Mongolie,6.773785,4.954553,13996.719189,4339.843236,7164.782820571379,MN,Asia,1626.335,1606.094,995.997,3232.43,2170.247,14.0,14.0,0.0,16.0,43.0,411.0,1.0,6.0,233.0,7.30106953550724,72.8032862891056,23146.9,1229081.0,2.07571898811886,7620000000,6128000000,1814,MN,12796.8554,16377.3556,0.1495,0.429,0.1605
90,Monténégro,0.640531,0.612005,5542.182456,8825.313988,1413.64157340577,ME,Europe,323.013,307.383,206.74,630.396,422.615,10.0,7.0,4.0,9.0,102.0,2.0,27.0,42.0,3.0,0.361563704540798,19.1078066914498,2601.1,15744.41,46.2474349442379,465000000,2909000000,250,ME,20547.7189,22687.323,0.1591,0.3507,0.0874
91,Mozambique,3.668681,0.69842,15390.031041,506.817256,7955.222382339806,MZ,Africa,15433.808,14851.787,19935.885,30285.595,11472.938,121.0,24.0,112.0,16.0,696.0,18.0,109.0,268.0,1452.0,2.80270307928101,52.6638927744856,7530.2,411938,38.5126719906407,4669000000,7428000000,2977.5,MZ,2032.7342,2302.5791,0.083,0.6463,0.3111
92,Nauru,-3.876207,-4.644769,132.846561,12350.926128,14718.678309115812,NR,Oceania,5.955,6.177,0.0,12.132,11.26,1.0,1.0,0.0,26.0,1.0,78.5,0.0,0.0,233.0,2.227478809383,20,53.4,5327.06,606.6,19000000,36000000,2977.5,NR,22956.2689,19066.5529,0.1452,0.45389999999999997,0.1501
93,Nicaragua,-3.178574,-4.361953,12611.205562,1926.697992,8782.315269622695,NI,Americas,3379.591,3284.332,2619.224,6663.924,3731.933,134.0,7.0,140.0,0.0,189.0,0.0,68.0,298.0,400.0,5.3762899084413,42.0890809373442,5131.9,175370,55.3758018946319,5272000000,6837000000,2977.5,NI,6660.3488,7246.165,0.1039,0.5179,0.183
94,Niger,0.841599,-2.912886,12916.460168,554.099699,3228.037025140527,NE,Africa,11553.632,11889.761,19348.533,23443.393,3828.158,27.0,3.0,20.0,0.0,120.0,5.0,0.0,40.0,38.0,-2.48979265070851,36.7861372069156,2159.15,1229081.0,18.507454803821,1126000000,2326000000,2977.5,NE,2315.3645,2433.1017,0.1438,0.4919,0.1657
95,Nigéria,12.492335,9.643739,474516.650002,2361.206967,4175.976181446129,NG,Africa,100623.652,102680.839,98156.422,203304.492,102805.995,252.0,12.0,240.0,19.0,4688.0,60.0,4966.0,302.0,12700.0,11.3964223378115,76.0749146326735,119544.1,1627142,223.222648967357,62531000000,55257000000,2977.5,NG,8439.1677,8948.7862,0.155,0.4272,0.1159
96,Norvège,-7.205884,-7.91139,405510.0,75389.62274,1635.634346688102,NO,Europe,2652.244,2696.034,938.907,5348.279,4462.009,109.0,3.0,107.0,234.0,591.0,450.0,77.0,80.0,233.0,2.16773003305405,2.69589201685045,37661.6,837457,14.6479975020132,102799000000,85319000000,2977.5,NO,56174.484,66579.5616,0.2459,0.3023,0.0946
97,Nouvelle-Calédonie,-4.151474,-5.08606,9438.127994,33379.763021,16821.692637461514,NC,Oceania,142.938,142.436,81.884,285.374,201.492,11.0,10.0,1.0,11.0,33.0,0.0,9.0,0.0,9.0,2.227478809383,10.0672866520788,29696.5,111875,14.8380743982495,1700000000,2944000000,2977.5,NC,14308.86245,17160.489999999998,0.1452,0.45389999999999997,0.1501
98,Nouvelle-Zélande,0.698957,-0.141741,213434.571358,44622.989778,19179.441076866013,NZ,Oceania,2507.303,2451.731,641.441,4959.034,4150.968,223.0,1.0,240.0,298.0,544.0,398.0,315.0,250.0,196.0,1.61963190184049,39.2882913675895,34008.2,3430977,18.9100300026585,39517000000,42363000000,2977.5,NZ,43523.9049,46306.011,0.1957,0.3457,0.1187
99,Népal,7.993108,6.056634,34268.254394,1197.825921,7182.535931326031,NP,Asia,15128.288,13704.208,23907.871,28832.496,6034.147,72.0,0.0,63.0,279.0,227.0,2015.0,973.0,414.0,2653.0,5.56868547784925,28.7478200209278,13860.5,1229081.0,201.133561213812,968000000,12340000000,2977.5,NP,5369.1074,5495.1795,0.167,0.4147,0.1372
100,Oman,-4.333004,-7.131161,76331.518668,15343.062004,5535.2275606769945,OM,Asia,1678.067,2924.701,728.113,4602.768,4273.762,112.0,115.0,7.0,180.0,815.0,4.0,4.0,340.0,9.0,0.133795057453182,4.72180936995153,75744.8,4890471,14.8716252019386,38724000000,23507000000,2977.5,OM,29262.1136,38544.417,0.0896,0.5488,0.1907
101,Ouganda,10.722374,6.869295,37718.356702,852.014968,5781.146752249289,UG,Africa,21707.475,21241.606,34576.219,42949.08,11135.655,69.0,0.0,68.0,1.0,736.0,24.0,138.0,11.0,2760.0,2.86758803446909,71.8880909634949,5943,1229081.0,214.188509874327,3564000000,7696000000,2977.5,UG,3914.0158,4422.2899,0.1225,0.5282,0.1929
102,Ouzbékistan,14.553581,12.797953,57726.542785,1750.258925,4904.454751651214,UZ,Asia,16481.63,16495.318,16261.493,32976.948,16545.875,90.0,21.0,64.0,1958.0,2787.0,6093.0,276.0,119.0,421.0,14.5257359560686,58.0070592775022,117687.8,1229081.0,76.2228325634711,14024000000,21866000000,4735,UZ,7705.8621,9597.5081,0.1462,0.4553,0.1665
103,Pakistan,-10.931685,-12.715406,253087.564027,1168.643097,5931.045957504822,PK,Asia,110278.237,113015.042,129085.803,223293.28,75510.639,1353.0,0.0,1523.0,534.0,5.0,24374.0,1619.0,28.0,7883.0,10.5783618004555,47.1188771274388,184096.3,3150000,289.660232461602,23329000000,50332000000,7791,PK,7765.6662,8153.1713,0.173,0.4281,0.1665
104,Panama,2.864074,1.178837,66787.866841,15727.970387,8785.568603361335,PA,Americas,2114.03,2118.501,1349.902,4232.532,2876.295,241.0,22.0,230.0,0.0,175.0,0.0,494.0,527.0,123.0,-0.355083821021217,29.4284173631707,13099.9,7346859,57.0575896468051,11318000000,21492000000,2977.5,PA,34949.5406,39273.5073,0.1039,0.5179,0.183
105,Papouasie-Nouvelle-Guinée,2.531317,0.547706,24828.833504,2829.139144,14262.803768855947,PG,Oceania,4605.722,4936.763,7448.841,9542.486,1137.684,36.0,30.0,7.0,0.0,286.0,0.0,0.0,1.0,12.0,3.92867290939598,2.62774367354149,7467.5,1229081.0,21.0716027028221,11399000000,3934000000,2977.5,PG,5213.8661,5837.0049,0.1291,0.4628,0.1637
106,Paraguay,-5.763775,-6.948578,37906.944206,5380.965632,9856.229591500382,PY,Americas,3249.592,3280.434,2661.61,6530.026,4320.371,72.0,1.0,77.0,230.0,32.0,1358.0,1500.0,16.0,5577.0,2.7570972756279,42.3084319154291,8101.6,37795.5,16.436008054367,7968000000,12544000000,2977.5,PY,15729.4928,17890.7093,0.1039,0.5179,0.183
107,Philippines,8.644143,7.171772,376823.404772,3485.342237,11107.1764299305,PH,Asia,54369.671,56011.134,57134.902,110380.804,50971.408,1816.0,306.0,1509.0,1780.0,7422.0,0.0,5120.0,681.0,7979.0,2.39206534422402,42.4019854445451,145871.3,9171944,370.194197940772,70334000000,112909000000,2977.5,PH,11134.9658,11902.2171,0.1435,0.454,0.1662
108,Pologne,1.681183,1.771958,597284.45385,15764.572193,1381.6976253304447,PL,Europe,19867.761,18625.84,15197.181,38493.601,22831.097,1239.0,88.0,2568.0,2490.0,1077.0,10807.0,2800.0,460.0,3665.0,2.227478809383,47.4437293783281,294948.3,3046483,124.025595374212,266595000000,265282000000,18538,PL,27640.6217,33006.0305,0.1949,0.377,0.1484
109,Polynésie française,-2.086346,-2.650086,6166.118532,22078.072132,15906.90117810426,PF,Oceania,147.819,151.899,109.928,299.717,178.578,16.0,17.0,1.0,0.0,27.0,0.0,4.0,4.0,233.0,2.227478809383,13.6848170556036,29696.5,69166,86.348890809565,133000000,2102000000,2977.5,PF,14308.86245,17160.489999999998,0.1452,0.45389999999999997,0.1501
110,Portugal,-0.959995,-0.669389,239986.922639,23467.879341,1139.0106869537346,PT,Europe,5432.203,4857.72,3510.812,10289.923,6743.854,322.0,90.0,350.0,275.0,1711.0,77.0,2441.0,2252.0,755.0,0.338178410046125,42.5076960360502,44564.7,2904086,112.288582794065,67063000000,89538000000,2526.149,PT,27793.229,34779.9345,0.1965,0.3584,0.1046
111,Pérou,2.650242,1.0046,228473.278308,7027.686705,9780.442548882133,PE,Americas,16556.679,16268.182,7212.742,32824.861,25721.093,1833.0,71.0,1763.0,174.0,2045.0,188.0,4856.0,4038.0,1576.0,2.25212191358024,19.1236640625,56972.2,2677239,25.64442265625,46444000000,42284000000,2977.5,PE,13666.9117,15923.8949,0.0977,0.5374,0.2035
112,Qatar,-4.089456,-5.79579,175837.550996,62088.061828,4890.166303968697,QA,Asia,751.299,2055.936,22.293,2807.235,2721.608,159.0,132.0,27.0,0.0,282.0,0.0,66.0,71.0,1.0,-0.666641124861102,6.44038294168842,89486.8,1340000,244.319843342037,72935000000,29178000000,2977.5,QA,74786.6012,89104.5836,0.0946,0.5378,0.2244
113,Roumanie,3.48872,4.245233,249880.118218,12903.993529,1749.0400182993194,RO,Europe,10073.321,9450.89,8946.041,19524.211,10537.319,462.0,130.0,507.0,471.0,1263.0,10298.0,7565.0,657.0,17432.0,3.82785432599428,60.0921418636996,73942.8,666036,84.1952712100139,76871000000,96544000000,10759,RO,25897.5381,30727.7726,0.1544,0.4114,0.1446
114,Rwanda,7.42897,4.664069,10357.474541,820.267328,6003.349818387047,RW,Africa,6568.936,6266.092,10579.327,12835.028,2215.085,21.0,0.0,19.0,16.0,213.0,16.0,240.0,79.0,421.0,3.3478765503764,73.4373733279287,1451.1,1229081.0,520.268666396433,1241000000,2659000000,2977.5,RW,3250.8393,3578.7718,0.1184,0.5394,0.1989
115,République centrafricaine,-0.080282,-1.739937,2219.195548,467.673136,4757.044093227032,CF,Africa,2603.472,2605.852,2810.003,5209.324,2015.708,12.0,6.0,7.0,0.0,16.0,0.0,0.0,3.0,90.0,2.68537355266785,8.15435487495586,235.4,1229081.0,8.36194420366625,148000000,613000000,2977.5,CF,1642.4108,1763.7883,0.0763,0.6491,0.31
116,République dominicaine,3.957648,2.875213,88941.371981,8282.123087,7173.635695845368,DO,Americas,5409.472,5472.41,1998.33,10881.882,8998.444,386.0,40.0,355.0,188.0,650.0,0.0,1292.0,1403.0,50.0,1.8106037704296,50.2794452494308,25775.2,1894225,225.251128130822,11193000000,20268000000,2977.5,DO,14308.86245,17160.489999999998,0.1452,0.45389999999999997,0.1501
117,Sainte-Lucie,2.598712,2.092987,2118.792593,11591.403209,6843.782872558276,LC,Americas,90.001,88.582,146.612,178.583,33.842,6.0,5.0,1.0,0.0,20.0,0.0,1.0,3.0,0.0,0.539087559191731,16.2950819672131,534.6,39238,292.759016393443,82000000,598000000,2977.5,LC,13983.3179,16988.0835,0.1452,0.45389999999999997,0.1501
118,Samoa,1.493881,0.995415,847.239532,4298.591718,16365.75424742898,WS,Oceania,103.759,108.147,162.995,211.905,35.914,18.0,20.0,0.0,26.0,16.0,78.5,0.0,0.0,233.0,0.982326569888142,17.773381294964,278.7,42102,76.2248201438849,49000000,391000000,2977.5,WS,8096.4849,9451.3809,0.1452,0.45389999999999997,0.1501
119,Sao Tomé-et-Principe,3.678125,1.736233,430.633136,2002.423257,5137.571783422904,ST,Africa,107.476,107.123,56.336,214.599,157.043,4.0,3.0,1.0,26.0,11.0,78.5,0.0,1.0,1.0,2.227478809383,40.44699488220985,17873.55,1229081.0,81.8442208657917,10869000000.0,13897500000.0,2977.5,,6355.4742,6719.4273,0.175,0.3938,0.0895
120,Serbie,1.725055,2.078958,51514.242776,7364.953767,1491.1165010831314,RS,Europe,3852.092,3548.963,3819.987,7401.056,4913.42,121.0,17.0,114.0,500.0,66.0,2535.0,3512.0,8.0,7345.0,1.8492298451109,39.8124857077521,46030.1,1229081.0,79.4104161902584,19630000000,26730000000,3724.468,RS,13749.4008,17160.6681,0.1708,0.3786,0.1499
121,Seychelles,2.270149,1.597339,1582.869257,16194.858316,7706.62341168862,SC,Africa,49.453,54.919,41.038,104.373,54.664,4.0,3.0,1.0,0.0,9.0,0.0,2.0,5.0,0.0,2.07476436485001,3.3695652173913,595.3,154423.4,212.228260869565,518000000,1167000000,2977.5,SC,27404.1667,31558.6212,0.1213,0.5209,0.2056
122,Sierra Leone,0.896399,-1.20935,4121.733685,527.533632,4406.451560698076,SL,Africa,4016.374,4030.454,4534.084,8046.828,3349.039,44.0,20.0,19.0,0.0,93.0,0.0,9.0,1.0,39.0,14.804999090602,54.7104461069548,1038.8,78413,111.482793017456,635000000,1502000000,2977.5,SL,2596.724,2733.2407,0.1499,0.47,0.1502
123,Slovaquie,-0.310963,-0.384017,105284.375641,19293.407518,1339.3910257736354,SK,Europe,2790.862,2663.062,2522.243,5453.924,2928.744,115.0,104.0,71.0,410.0,344.0,1939.0,543.0,136.0,1445.0,2.227478809383,40.44699488220985,17873.55,1229081.0,81.8442208657917,10869000000.0,13897500000.0,2977.5,,27116.5585,33417.8468,0.2448,0.2678,0.0752
124,Slovénie,0.028222,-0.011094,54178.877606,26064.403987,982.8774365909936,SI,Europe,1054.83,1058.072,940.556,2112.901,1141.344,60.0,23.0,70.0,8.0,336.0,140.0,162.0,754.0,360.0,1.63052260754338,30.4066268051886,13665,959000,103.711934605987,44943000000,44007000000,1209,SI,31053.5901,38876.4954,0.2307,0.2957,0.08
125,Soudan,-27.84766,-29.552667,34895.36208,815.060101,4544.305953981766,SD,Africa,21624.451,21607.642,27661.508,43232.093,14852.586,75.0,0.0,75.0,0.0,2156.0,726.0,2.0,47.0,25.0,50.9940515002971,37.1551605995717,22131.5,469526,23.1435187366167,3735000000,9291000000,2747,SD,6161.9409,6874.8811,0.1577,0.4504,0.1536
126,Sri Lanka,-4.515682,-4.940943,83990.932868,3938.847521,8497.188904323175,LK,Asia,11208.805,10440.86,17112.476,21649.664,3906.383,186.0,0.0,187.0,44.0,987.0,0.0,143.0,136.0,246.0,3.52839358231808,45.4472947072851,23427.9,7230000,352.431694638296,11940000000,19937000000,1562,LK,14605.8486,16239.7327,0.1413,0.4898,0.2047
127,Suisse,-0.519458,-1.280832,731718.481696,85169.060062,464.65203278608294,CH,Europe,4322.373,4253.216,2251.16,8575.588,6357.099,143.0,45.0,100.0,255.0,645.0,496.0,300.0,156.0,175.0,0.362886179940635,38.1403673395328,37376.3,121366,217.007629561978,313934000000,277830000000,3647.245487,CH,54720.529,70879.3278,0.2331,0.3084,0.1019
128,Suriname,5.453317,4.477092,3977.099088,6840.885162,7297.750103729965,SR,Americas,300.864,299.437,194.302,600.301,378.783,30.0,19.0,11.0,0.0,38.0,0.0,7.0,8.0,0.0,2.227478809383,0.538461538461538,2656.82,109200,3.84808333333333,2155000000,1711000000,2977.5,SR,18181.205,23310.9075,0.1039,0.5179,0.183
129,Suède,-3.884352,-4.504359,533879.529188,53194.436877,1882.8833552456347,SE,Europe,5104.556,5163.366,1235.72,10267.922,8817.415,226.0,84.0,158.0,925.0,628.0,3477.0,86.0,157.0,11.0,1.78415097403832,7.37761126098893,34964.6,1623363,25.2376654802124,160576000000,158971000000,9701,SE,47211.6526,56029.5575,0.239,0.3049,0.1039
130,Sénégal,0.819804,-1.914946,23306.213218,1430.148051,3855.6177049679386,SN,Africa,8140.163,7860.618,8764.887,16000.781,7978.972,117.0,0.0,116.0,0.0,773.0,0.0,29.0,382.0,531.0,1.76011151192936,46.1122941879188,12297.8,695698,83.1079883654495,4179000000,8144000000,2977.5,SN,4925.1611,5874.8499,0.1396,0.478,0.1433
131,Tadjikistan,6.900368,4.375146,8300.81389,890.547995,5536.61722199249,TJ,Asia,4640.105,4696.898,6754.441,9337.003,2537.559,20.0,9.0,16.0,451.0,1229.0,837.0,222.0,4.0,233.0,2.227478809383,35.4362706246848,8965.7,1229081.0,67.2743209164925,1174000000,3349000000,620,TJ,5119.1363,5332.3768,0.1548,0.4223,0.1453
132,Tchad,-0.882135,-3.79812,11271.66391,706.825833,3750.443395938265,TD,Africa,8032.044,8094.822,12132.857,16126.866,3681.488,8.0,2.0,7.0,2.0,66.0,2.0,32.0,10.0,415.0,-0.971939175419353,39.8967598475222,1583.6,1229081.0,12.8072315756036,2588000000,2694000000,2977.5,TD,3003.8221,3035.8505,0.1433,0.4673,0.1377
133,Thaïlande,7.432309,7.128139,544263.738706,7817.008104,9395.601115862537,TH,Asia,36584.375,34723.388,34173.268,71307.763,35132.892,918.0,3.0,1804.0,1695.0,3098.0,1.0,4139.0,804.0,4535.0,0.70672860131428,44.8433126504727,274466.7,10130294,139.57557008358,246269000000,236260000000,2977.5,TH,14284.8075,18611.3364,0.1389,0.4879,0.1776
134,Togo,-1.135427,-3.499568,6894.331919,853.009121,4183.927017281147,TG,Africa,4101.08,4142.015,4727.819,8243.094,3458.565,66.0,25.0,42.0,0.0,142.0,0.0,124.0,1.0,912.0,0.674652770077441,70.2334988049274,2442.3,1500611,151.555322669608,1055000000,2091000000,2977.5,TG,3214.9405,3429.3181,0.1242,0.5003,0.1484
135,Trinité-et-Tobago,0.275425,-0.093337,23886.519296,17123.284319,7119.371832318855,TT,Americas,768.058,751.897,643.884,1519.955,731.559,89.0,25.0,62.0,0.0,132.0,0.0,77.0,97.0,5.0,2.227478809383,40.44699488220985,17873.55,1229081.0,81.8442208657917,10869000000.0,13897500000.0,2977.5,,23911.9906,27597.0929,0.1039,0.5179,0.183
136,Tunisie,-1.447559,-2.539019,39195.271092,3351.535945,1505.524668689089,TN,Africa,6086.59,5962.724,3622.883,12049.314,8160.285,203.0,1.0,227.0,331.0,1853.0,1455.0,1026.0,1039.0,0.0,6.72007532863804,62.6351699279094,31045,474222,77.5573764160659,14933000000,21564000000,1777,TN,10770.8705,13092.7855,0.1661,0.4137,0.1091
137,Turkménistan,13.497437,11.755692,43460.686357,7314.041637,4658.537291831572,TM,Asia,3108.189,3050.231,2849.593,6158.42,3092.968,33.0,13.0,20.0,168.0,299.0,1500.0,39.0,3.0,40.0,2.227478809383,72.0064690485817,63231.8,1229081.0,13.1049730810972,10545000000,2994000000,2977.5,TM,17825.0457,20150.0933,0.1206,0.4889,0.195
138,Turquie,-2.244753,-3.521362,761001.835674,9121.483249,2798.8674166076576,TR,Asia,41614.734,41866.95,20217.893,83481.684,62743.912,1723.0,44.0,2202.0,1899.0,10081.0,19000.0,5532.0,4350.0,6000.0,2.227478809383,40.44699488220985,17873.55,1229081.0,81.8442208657917,10869000000.0,13897500000.0,2977.5,,27284.8965,33530.5641,0.1437,0.5144,0.1903
139,Ukraine,17.591538,18.266499,153929.552493,3498.90483,2182.950444754202,UA,Europe,23730.427,20480.667,13369.27,44211.094,30425.95,1176.0,86.0,1390.0,2022.0,136.0,28370.0,6018.0,53.0,35880.0,7.8867174561113,71.2996202968588,174599.9,1007273,76.6071850189852,50054000000,60800000000,21625.9,UA,10975.6602,12233.4186,0.2259,0.3308,0.0933
140,Uruguay,-5.090174,-5.431487,61231.193299,17688.012221,10511.00375445119,UY,Americas,1769.262,1659.147,159.283,3428.409,3322.873,76.0,6.0,72.0,48.0,41.0,728.0,712.0,257.0,816.0,7.88198870879623,80.7182036338704,6806.7,749562,19.588669866301,7680000000,8246000000,1498,UY,23061.307,25797.5233,0.1641,0.4186,0.131
141,Vanuatu,2.13606,-0.316851,934.239701,3115.357712,16302.964945527163,VU,Oceania,151.256,153.149,214.878,304.404,73.139,5.0,4.0,1.0,26.0,13.0,78.5,1.0,0.0,1.0,2.76252019386107,15.3404429860541,166.9,77435.86,24.9716160787531,56000000,357000000,2977.5,VU,4499.576,4871.2819,0.1452,0.45389999999999997,0.1501
142,Yémen,10.231443,7.724414,25246.23812,865.726138,5465.594701989006,YE,Asia,15593.113,15953.578,18554.546,31546.691,11025.44,330.0,140.0,190.0,0.0,3617.0,100.0,360.0,723.0,48.0,2.227478809383,40.44699488220985,17873.55,1229081.0,81.8442208657917,10869000000.0,13897500000.0,2977.5,,1516.6903,1594.9524,0.0934,0.5816,0.242
143,Zambie,-11.410254,-13.936464,23309.720448,1305.06026,7081.4697106650565,ZM,Africa,9314.079,9066.397,10143.883,18380.477,7993.486,50.0,23.0,51.0,0.0,44.0,152.0,284.0,4.0,2004.0,9.15031644316299,32.0639233780384,7615.7,1229081.0,24.7252142213374,7039000000,7173000000,1248,ZM,5534.7887,6044.2312,0.0695,0.6174,0.2317
144,Zimbabwe,-9.775124,-11.048311,21935.075306,1497.738092,7744.496716269607,ZW,Africa,8122.618,7231.989,11725.97,15354.608,5571.525,69.0,1.0,67.0,0.0,138.0,80.0,92.0,77.0,509.0,255.304990757856,41.8766963939511,10185.3,1229081.0,39.6913739175391,4269000000,4817000000,3120,ZW,3512.6957,3771.9591,0.0923,0.5895,0.2108
145,Égypte,27.070238,24.583625,317359.293188,3161.324684,3311.7628897317904,EG,Africa,52189.268,53429.404,57939.247,105618.671,43229.498,1663.0,36.0,1630.0,0.0,10465.0,8574.0,5957.0,8087.0,7593.0,2.227478809383,40.44699488220985,17873.55,1229081.0,81.8442208657917,10869000000.0,13897500000.0,2977.5,,16090.4808,17737.2813,0.1525,0.4783,0.1848
146,Émirats arabes unis,-1.184108,-2.595673,417215.559513,42701.429934,5234.379464901446,AE,Asia,2767.844,6443.813,1279.098,9211.657,8402.99,648.0,689.0,45.0,227.0,1599.0,0.0,453.0,530.0,26.0,-1.93108114782168,5.49704308645452,185645.7,18802000,129.705111236271,389428000000,288447000000,261,AE,68765.0805,71099.9943,0.1281,0.4778,0.1531
147,Équateur,0.507615,-1.166025,108108.009,6222.522862,9418.855928169216,EC,Americas,8670.974,8672.767,6158.51,17343.74,10941.934,322.0,0.0,322.0,365.0,1233.0,5.0,583.0,70.0,1480.0,0.266012515466136,21.4607827347399,39631.4,2194042,69.8330649057819,22329000000,22564000000,2977.5,EC,11961.9581,14331.1499,0.1236,0.4298,0.1258
148,Éthiopie,15.398956,12.460084,92561.902026,825.865015,5491.584476872576,ET,Africa,56745.161,57375.433,86759.295,114120.594,23376.34,59.0,1.0,58.0,108.0,1472.0,5315.0,757.0,82.0,9636.0,15.8096321719345,33.8388588800509,17708,1229081.0,101.119564793866,2741000000,14554000000,2977.5,ET,3665.4279,4009.0785,0.1584,0.4547,0.1382
149,Îles Salomon,-0.283859,-2.809577,1570.155017,2344.134222,15440.358711821866,SB,Oceania,329.962,345.031,481.459,674.993,153.795,4.0,4.0,0.0,0.0,22.0,0.0,0.0,0.0,233.0,1.63485544012242,4.18006430868167,304.8,128035.7,24.115505537692,461000000,590000000,2977.5,SB,14308.86245,17160.489999999998,0.1452,0.45389999999999997,0.1501
