Zone,PIB Valeur US $,Céréales - Disponibilité intérieure (Milliers de tonnes),Fruits - Disponibilité intérieure (Milliers de tonnes),Légumes - Disponibilité intérieure (Milliers de tonnes),Poisson - Disponibilité intérieure (Milliers de tonnes),Viande - Disponibilité intérieure (Milliers de tonnes),distance_to_france,region,Femmes,Hommes,Population rurale,Population totale,Population urbaine,Volailles - Disponibilité intérieure (Milliers de tonnes),Volailles - Importations - Quantité (Milliers de tonnes),Volailles - Production (Milliers de tonnes),Blé - Aliments pour animaux (Milliers de tonnes),Blé - Importations - Quantité (Milliers de tonnes),Blé - Production (Milliers de tonnes),Maïs - Aliments pour animaux (Milliers de tonnes),Maïs - Importations - Quantité (Milliers de tonnes),Maïs - Production (Milliers de tonnes)
Afghanistan,18904.490263,8124.0,1562.0,2571.0,329.2,315.0,5572.98095852077,Asia,18679.089,19090.409,27626.382,37769.499,9582.625,69.0,44.0,28.0,0.0,2534.0,4890.0,118.0,131.0,185.0
Afrique du Sud,351430.991183,16920.0,3278.0,2536.0,4087.8,3661.0,8789.48065983061,Africa,29879.107,28207.948,19244.858,58087.055,38820.239,2178.0,488.0,1816.0,23.0,2009.0,1597.0,5698.0,609.0,11276.0
Albanie,15400.237155,1122.0,588.0,1162.0,142.07,117.0,1545.669868608897,Europe,1435.198,1438.686,1139.266,2873.883,1799.162,35.0,22.0,13.0,29.0,308.0,233.0,420.0,99.0,389.0
Algérie,171158.234285,18927.0,5037.0,9670.0,1017.1,851.0,2023.635531887154,Africa,20948.465,21756.903,11442.587,42705.368,31236.431,280.0,0.0,285.0,712.0,6788.0,3877.0,3440.0,4383.0,6.0
Allemagne,3888326.788627,46010.0,7500.0,8369.0,7806.8,6763.0,815.828970128518,Europe,42124.562,41023.579,18651.132,83148.141,63787.507,1538.0,831.0,1544.0,7100.0,5367.0,23499.0,5820.0,4865.0,3665.0
Angola,89417.18912,5127.0,5161.0,822.0,1193.46,729.0,6574.640062591715,Africa,16370.553,15983.035,10751.626,32353.588,21035.94,314.0,265.0,49.0,30.0,907.0,3.0,1347.0,239.0,2819.0
Antigua-et-Barbuda,1687.533333,10.0,17.0,8.0,17.41,10.0,6659.442734327673,Americas,48.156,43.961,78.577,92.117,25.507,7.0,7.0,0.0,0.0,8.0,0.0,0.0,0.0,0.0
Arabie saoudite,792966.83819,13416.0,2925.0,2552.0,2321.22,1834.0,4546.305163005144,Asia,14991.273,20836.089,5440.3,35827.362,28700.362,1412.0,650.0,800.0,226.0,3578.0,555.0,2285.0,3321.0,135.0
Argentine,445445.254556,31021.0,6055.0,3547.0,5513.41,5224.0,11464.883091614493,Americas,22592.15,22153.37,3612.215,44745.52,41489.566,2021.0,5.0,2249.0,50.0,13.0,19485.0,16000.0,9.0,56861.0
Arménie,13619.290546,757.0,561.0,697.0,188.61,164.0,3496.91223891037,Asia,1545.834,1274.767,1080.164,2820.602,1856.542,55.0,43.0,12.0,112.0,287.0,113.0,22.0,67.0,5.0
Australie,1380207.832899,16366.0,3127.0,2295.0,3663.62,2874.0,15159.11357911555,Oceania,12778.251,12578.919,3481.222,25357.17,21607.414,1240.0,9.0,1276.0,5052.0,795.0,17598.0,175.0,72.0,327.0
Autriche,445011.872704,6621.0,1203.0,1066.0,894.89,735.0,947.6036348151916,Europe,4511.992,4367.948,3636.627,8879.94,5129.574,158.0,113.0,132.0,535.0,1369.0,1664.0,1293.0,1119.0,2299.0
Azerbaïdjan,48174.235294,4870.0,995.0,1967.0,381.74,361.0,3687.797669411426,Asia,5181.658,5051.096,4403.28,10232.753,5611.295,146.0,39.0,112.0,546.0,1643.0,2114.0,241.0,76.0,284.0
Bahamas,13164.429143,35.0,68.0,46.0,46.33,38.0,7255.861102599434,Americas,210.821,193.737,67.996,404.557,335.099,22.0,25.0,6.0,0.0,17.0,78.5,1.0,4.0,1.0
Bahreïn,38473.717598,257.0,155.0,205.0,150.7,128.0,4806.839837803548,Asia,560.779,933.409,173.716,1494.188,1464.18,71.0,63.0,9.0,0.0,155.0,0.0,7.0,14.0,0.0
Bangladesh,301051.101806,65888.0,5120.0,6901.0,5300.98,695.0,7995.394579895899,Asia,83352.043,82164.179,105200.1,165516.222,62865.82,260.0,0.0,260.0,788.0,4599.0,1017.0,4504.0,1310.0,3569.0
Barbade,5297.95,73.0,22.0,22.0,42.38,28.0,6792.130415347118,Americas,145.957,134.222,197.584,280.18,89.426,18.0,2.0,16.0,2.0,38.0,0.0,30.0,36.0,0.0
Belgique,535288.71524,8117.0,1340.0,1684.0,1035.3,753.0,503.800009816769,Europe,5832.685,5677.883,226.556,11510.568,11336.228,187.0,320.0,448.0,488.0,4924.0,1902.0,1192.0,2110.0,429.0
Bhoutan,2530.559003,253.0,38.0,45.0,17.009999999999998,11.0,7711.467253283282,Asia,360.356,407.103,482.419,767.459,343.81,3.0,2.0,1.0,0.0,15.0,1.0,12.0,16.0,46.0
Bosnie-Herzégovine,20202.636114,2291.0,475.0,896.0,174.19,149.0,1239.232166120035,Europe,1708.207,1652.504,1798.985,3360.711,1702.789,69.0,11.0,67.0,100.0,428.0,265.0,1300.0,191.0,1236.0
Botswana,18362.405202,461.0,67.0,127.0,63.08,57.0,7952.471443315881,Africa,1266.499,1233.202,708.307,2499.702,1666.329,8.0,5.0,4.0,0.0,132.0,0.0,26.0,249.0,7.0
Brésil,1886014.572498,92571.0,26221.0,11616.0,22808.86,21078.0,8625.29474713015,Americas,107663.08,104119.798,27985.169,211782.878,184407.548,9952.0,5.0,14094.0,500.0,7156.0,5594.0,47168.0,1467.0,101126.0
Bulgarie,68913.754204,3451.0,658.0,789.0,486.2,428.0,1879.5079106991254,Europe,3631.617,3420.914,1722.907,7052.532,5265.832,162.0,111.0,109.0,87.0,163.0,6321.0,540.0,32.0,4060.0
Burkina Faso,15990.80321,5309.0,1303.0,1294.0,940.81,750.0,3796.1260320691135,Africa,10520.378,10431.262,14229.173,20951.639,6092.387,204.0,0.0,204.0,0.0,234.0,0.0,453.0,5.0,1711.0
Burundi,3368.533752,585.0,1303.0,482.0,75.9,45.0,6151.74781137156,Africa,5980.56,5894.278,10028.767,11874.838,1547.197,7.0,0.0,7.0,6.0,122.0,5.0,9.0,33.0,271.0
Bénin,14391.686309,3624.0,518.0,822.0,332.89,189.0,4105.322402237794,Africa,6138.319,6152.125,6153.211,12290.444,5648.384,121.0,117.0,15.0,0.0,232.0,0.0,518.0,3.0,1581.0
Cambodge,27097.96382,11281.0,332.0,633.0,1162.78,186.0,9958.074264015548,Asia,8186.482,8021.264,12558.947,16207.746,3923.699,29.0,1.0,28.0,0.0,75.0,0.0,609.0,30.0,895.0
Cameroun,39007.353482,5401.0,6084.0,3173.0,825.07,309.0,4428.519410658641,Africa,12926.852,12855.489,10892.584,25782.341,14420.409,87.0,2.0,85.0,0.0,839.0,1.0,664.0,66.0,2109.0
Canada,1741496.789532,34509.0,3756.0,3980.0,4752.82,3653.0,6840.796934804394,Americas,18881.443,18641.142,6903.53,37522.584,30376.281,1530.0,179.0,1506.0,4617.0,1339.0,32688.0,10929.0,2477.0,13404.0
Chili,279385.478377,7126.0,3547.0,1587.0,2846.79,1645.0,11709.16808431781,Americas,9589.082,9450.404,2265.846,19039.485,16070.807,734.0,137.0,769.0,368.0,1311.0,1400.0,3000.0,2463.0,973.0
Chine,14700827.670843,629790.0,176616.0,635735.0,160235.08,90666.0,8021.9942694990405,Asia,711442.99,742358.552,568748.198,1453801.543,883204.937,22322.0,1807.0,21518.0,18179.0,5842.0,133626.0,200111.0,9785.0,260958.0
Chypre,25758.996523,679.0,65.0,114.0,155.23,115.0,2882.6862500615716,Asia,613.199,615.637,397.812,1228.836,800.615,42.0,15.0,27.0,2.0,100.0,29.0,303.0,317.0,233.0
Colombie,323429.885859,12781.0,8557.0,3171.0,3645.98,3139.0,8604.822987771598,Americas,25408.106,24779.301,9419.54,50187.406,40430.278,1808.0,115.0,1693.0,26.0,1991.0,6.0,4984.0,6004.0,1395.0
Comores,1192.559711,112.0,54.0,9.0,23.95,4.0,7680.403549239121,Africa,393.86,397.126,602.75,790.986,248.16,1.0,0.0,1.0,26.0,16.0,78.5,1.0,0.0,6.0
Costa Rica,63951.114772,1622.0,794.0,181.0,435.39,330.0,8917.747488849167,Americas,2538.156,2546.376,996.082,5084.532,4003.302,198.0,15.0,145.0,0.0,341.0,0.0,736.0,972.0,13.0
Croatie,62246.204386,2434.0,411.0,1296.0,420.3,341.0,1015.7614909310802,Europe,2122.252,2007.499,1770.247,4129.752,2369.901,61.0,30.0,68.0,111.0,332.0,803.0,1276.0,74.0,2298.0
Cuba,103428.0,3017.0,1901.0,2148.0,788.22,717.0,7546.774349164066,Americas,5688.414,5628.282,2630.623,11316.697,8861.423,329.0,294.0,35.0,70.0,739.0,0.0,736.0,874.0,307.0
Danemark,347561.349211,8297.0,427.0,585.0,629.47,429.0,1224.2644348462177,Europe,2914.173,2881.706,693.384,5795.878,5081.84,146.0,142.0,158.0,3299.0,568.0,4642.0,340.0,471.0,41.0
Djibouti,3166.329057,678.0,31.0,78.0,17.48,14.0,5382.884108060108,Africa,540.367,533.626,217.689,1073.994,768.001,3.0,3.0,69.0,0.0,272.0,0.0,12.0,43.0,0.0
Dominique,611.537037,4.0,52.0,7.0,8.2,7.0,6755.0365031799765,Americas,35.755,35.673,21.816,71.428,52.863,5.0,4.0,0.0,0.0,3.0,0.0,0.0,0.0,0.0
Espagne,1393046.093137,36195.0,10462.0,7000.0,7029.93,4947.0,801.5424952374997,Europe,24028.434,23102.938,9025.938,47131.372,37415.111,1571.0,188.0,1631.0,5225.0,6042.0,6079.0,11970.0,10107.0,4184.0
Estonie,31045.591753,600.0,100.0,111.0,113.93,92.0,2051.007570421951,Europe,699.545,627.494,403.516,1327.039,900.282,29.0,25.0,20.0,161.0,74.0,847.0,13.0,27.0,0.0
Eswatini,4471.045112,299.0,110.0,36.0,36.98,32.0,8610.00490472835,Africa,589.812,579.801,1075.98,1169.613,339.434,8.0,2.0,6.0,1.0,60.0,1.0,44.0,151.0,95.0
Fidji,5496.254429,157.0,37.0,66.0,55.81,51.0,16708.04355128286,Oceania,457.099,461.366,397.364,918.465,521.393,39.0,5.0,35.0,0.0,183.0,0.0,1.0,2.0,1.0
Finlande,268782.47138,2979.0,429.0,503.0,669.65,404.0,2298.4483443625195,Europe,2795.778,2725.759,809.403,5521.537,4751.986,120.0,17.0,139.0,284.0,241.0,914.0,27.0,31.0,0.0
France,2728870.246706,34228.0,12596.0,7209.0,6998.72,5193.0,0.0,Europe,33258.507,31141.251,12631.632,64399.759,52849.078,1510.0,541.0,1660.0,5955.0,2274.0,40605.0,5204.0,997.0,12845.0
Gabon,16874.40546,306.0,399.0,71.0,198.67,137.0,5309.973739355311,Africa,1098.462,1144.323,216.365,2242.785,1892.734,76.0,72.0,4.0,1.0,114.0,0.0,22.0,9.0,45.0
Gambie,1805.852806,387.0,16.0,34.0,97.5,37.0,3997.90911468849,Africa,1261.541,1247.342,848.212,2508.883,1379.863,26.0,25.0,2.0,0.0,72.0,0.0,0.0,5.0,17.0
Ghana,68353.477449,6817.0,6431.0,943.0,1207.1200000000001,425.0,4267.894143613903,Africa,15798.612,15723.678,13029.799,31522.29,17067.171,221.0,153.0,68.0,0.0,746.0,0.0,500.0,14.0,2900.0
Grenade,1213.4854,17.0,18.0,12.0,12.8,9.0,7022.057664680296,Americas,61.24,61.483,69.217,122.724,39.608,8.0,7.0,1.0,0.0,13.0,0.0,6.0,6.0,0.0
Grèce,205144.162906,4636.0,2469.0,1861.0,1545.27,840.0,1783.6752087046661,Europe,5391.864,5182.16,2292.972,10574.024,8831.631,272.0,79.0,230.0,487.0,1220.0,982.0,1756.0,846.0,1234.0
Guinée,13513.809311,5802.0,1288.0,667.0,314.43,187.0,4189.748724752413,Africa,6527.547,6349.991,8507.787,12877.539,4890.393,35.0,40.0,11.0,142.0,422.0,0.0,541.0,5.0,871.0
Guinée-Bissau,1322.269762,385.0,112.0,42.0,30.88,30.0,4163.963849544478,Africa,998.712,971.745,1098.44,1970.457,855.283,6.0,3.0,3.0,26.0,32.0,78.5,1.0,0.0,10.0
Géorgie,17476.97647,1029.0,457.0,343.0,388.31,147.0,3267.3330429048156,Asia,1996.062,1774.749,1599.187,3770.811,2305.017,73.0,54.0,23.0,21.0,570.0,101.0,133.0,90.0,207.0
Haïti,14006.805987,1736.0,1282.0,214.0,265.93,209.0,7318.944938016863,Americas,5625.31,5535.128,4925.256,11160.438,6317.6,110.0,100.0,9.0,59.0,418.0,0.0,14.0,99.0,195.0
Honduras,25089.937109,1888.0,651.0,312.0,380.01,338.0,8677.07542678826,Americas,4927.035,5031.794,4044.696,9958.829,5523.992,226.0,15.0,213.0,10.0,363.0,1.0,500.0,746.0,589.0
Hongrie,163526.491433,10803.0,1339.0,1073.0,943.29,872.0,1319.989936023051,Europe,5093.203,4678.593,2737.853,9771.796,6917.508,322.0,76.0,532.0,1023.0,337.0,5378.0,2488.0,185.0,8230.0
Inde,2889949.137794,293024.0,99657.0,132942.0,18663.93,6991.0,7368.90118144203,Asia,668786.993,714325.057,896909.218,1383112.05,471828.295,4382.0,0.0,4387.0,2603.0,36.0,103596.0,14917.0,323.0,27715.0
Indonésie,1119091.262196,88556.0,20161.0,13253.0,17835.170000000002,5130.0,11721.53397515014,Asia,133784.436,135798.442,118636.092,269582.878,150900.39,3966.0,0.0,3975.0,0.0,10976.0,0.0,1894.0,1784.0,19650.0
Irlande,399122.063647,4596.0,436.0,445.0,433.96,335.0,1093.8289753303984,Europe,2470.88,2425.139,1773.798,4896.019,3073.341,135.0,95.0,154.0,786.0,967.0,595.0,1449.0,1548.0,0.0
Islande,24857.740445,95.0,30.0,26.0,135.19,32.0,2447.128366501924,Europe,175.786,184.988,20.929,360.774,319.637,11.0,2.0,10.0,18.0,58.0,0.0,17.0,23.0,0.0
Israël,397934.603686,4454.0,1098.0,1353.0,1086.35,862.0,3265.2651664575224,Asia,4320.34,4287.58,643.684,8607.919,7940.232,599.0,0.0,617.0,850.0,1813.0,85.0,1400.0,1727.0,78.0
Italie,2009383.867307,27032.0,14868.0,6941.0,6487.64,4502.0,957.6583683886114,Europe,30637.674,29090.258,17329.18,59727.932,41887.345,1200.0,94.0,1358.0,1271.0,8060.0,6739.0,11384.0,6578.0,6279.0
Jamaïque,15830.762952,647.0,360.0,315.0,265.88,190.0,7769.199157529548,Americas,1417.116,1396.657,1279.22,2813.773,1627.119,165.0,32.0,134.0,0.0,233.0,0.0,261.0,289.0,2.0
Japon,5148781.948478,35585.0,5057.0,13326.0,13998.15,6595.0,9850.103892934118,Asia,64633.006,61158.671,10531.932,125791.677,116322.813,2499.0,1094.0,2298.0,780.0,5680.0,1038.0,12260.0,15992.0,0.0
Jordanie,44502.816901,2972.0,457.0,1167.0,407.46,352.0,3399.294771859274,Asia,5143.079,5555.605,885.864,10698.683,9183.93,235.0,62.0,185.0,0.0,928.0,26.0,733.0,797.0,0.0
Kazakhstan,181667.115805,8940.0,1028.0,6895.0,1381.73,1327.0,4752.270913034778,Asia,9748.515,9005.743,7894.648,18754.258,10698.322,372.0,182.0,214.0,828.0,458.0,11452.0,324.0,18.0,896.0
Kenya,100554.205721,8335.0,3427.0,3140.0,790.24,634.0,6208.772729827912,Africa,25679.257,25272.193,37851.953,50951.45,14362.838,89.0,0.0,89.0,0.0,2029.0,367.0,396.0,265.0,3582.0
Kirghizistan,8871.019823,2293.0,252.0,1353.0,228.07,221.0,5651.116485179438,Asia,3218.606,3105.037,3943.164,6323.643,2275.452,37.0,34.0,10.0,150.0,466.0,601.0,522.0,6.0,712.0
Kiribati,177.934614,15.0,9.0,6.0,78.75000000000001,5.0,15169.556268013985,Oceania,63.851,60.39,54.392,124.241,66.036,3.0,2.0,1.0,0.0,6.0,78.5,0.0,0.0,233.0
Koweït,136191.632701,1135.0,368.0,834.0,367.84,308.0,4327.41889055588,Asia,1702.878,2738.222,0.0,4441.1,4248.974,209.0,154.0,61.0,0.0,608.0,0.0,117.0,115.0,26.0
Lesotho,2453.706774,374.0,39.0,52.0,26.34,20.0,8830.449922468413,Africa,1127.746,1097.956,1637.308,2225.702,655.374,3.0,2.0,2.0,10.0,80.0,1.0,1.0,142.0,35.0
Lettonie,34308.783825,898.0,121.0,180.0,211.52,139.0,1934.0910753847795,Europe,1032.054,884.501,607.314,1916.555,1303.794,46.0,48.0,35.0,167.0,535.0,2371.0,29.0,101.0,0.0
Liban,53556.297821,1633.0,847.0,819.0,283.74,221.0,3146.28457426828,Asia,2967.783,2814.124,681.91,5781.907,5384.012,133.0,10.0,128.0,4.0,639.0,140.0,590.0,577.0,3.0
Libye,59830.238583,2119.0,601.0,1429.0,363.03000000000003,265.0,2579.2311084545954,Africa,3240.076,3329.012,1288.13,6569.088,5281.734,204.0,76.0,129.0,152.0,798.0,140.0,121.0,138.0,3.0
Libéria,2582.242493,686.0,208.0,132.0,112.64,91.0,4564.493823086081,Africa,2505.847,2479.442,2408.447,4985.289,2569.273,53.0,38.0,15.0,0.0,48.0,0.0,1.0,2.0,233.0
Lituanie,54697.379017,1941.0,173.0,289.0,337.67,245.0,1809.68160956323,Europe,1517.198,1331.885,920.766,2849.083,1943.693,85.0,49.0,100.0,147.0,298.0,3844.0,202.0,380.0,98.0
Luxembourg,70195.715496,169.0,66.0,57.0,70.27,50.0,493.7713378926581,Europe,308.142,311.831,52.396,619.973,544.596,12.0,12.0,0.0,26.0,187.0,82.0,6.0,17.0,1.0
Macédoine du Nord,12547.045163,750.0,395.0,684.0,96.19,82.0,1641.5682504186211,Europe,1059.539,1054.637,872.081,2114.176,1214.639,42.0,41.0,1.0,75.0,207.0,240.0,170.0,52.0,148.0
Madagascar,14104.664678,5503.0,1251.0,446.0,300.79,188.0,8505.18980434443,Africa,13728.596,13804.538,16758.613,27533.134,10211.029,86.0,0.0,86.0,0.0,399.0,5.0,2.0,5.0,219.0
Malaisie,364684.031843,9872.0,1506.0,2149.0,3761.27,1951.0,10415.34223088804,Asia,16009.996,16794.024,7592.143,32804.02,24862.312,1482.0,73.0,1655.0,35.0,1944.0,40.0,3474.0,4415.0,60.0
Malawi,11146.123699,3748.0,3253.0,1668.0,633.49,481.0,7351.36755600364,Africa,9698.995,9168.342,16332.17,18867.337,3386.573,105.0,0.0,105.0,0.0,125.0,1.0,156.0,6.0,3392.0
Maldives,5607.747339,73.0,36.0,49.0,78.62,20.0,8297.898210385152,Asia,212.884,291.624,269.969,504.508,181.769,13.0,13.0,69.0,0.0,41.0,0.0,0.0,0.0,0.0
Mali,17281.795532,9443.0,1422.0,2749.0,401.01,222.0,3237.544866440595,Africa,10179.843,10387.581,11196.104,20567.424,8493.036,48.0,2.0,55.0,0.0,383.0,8.0,1578.0,1.0,3817.0
Malte,15725.930124,132.0,43.0,80.0,88.91,35.0,1528.8486930358351,Europe,244.0,259.634,23.057,503.635,410.188,13.0,9.0,4.0,0.0,60.0,0.0,43.0,58.0,0.0
Maroc,119870.737017,14496.0,4764.0,4082.0,2079.38,1397.0,1792.3420593191013,Africa,18022.621,18281.786,13557.256,36304.408,23077.9,847.0,7.0,842.0,2090.0,3904.0,4025.0,651.0,2746.0,40.0
Maurice,14045.808217,298.0,53.0,101.0,127.0,72.0,9255.302245260931,Africa,655.755,640.524,753.079,1296.279,518.289,54.0,4.0,51.0,0.0,171.0,0.0,68.0,120.0,0.0
Mauritanie,7889.655285,1007.0,60.0,165.0,176.72,140.0,3047.8691487456013,Africa,2238.719,2145.13,2120.517,4383.849,2540.632,27.0,31.0,5.0,15.0,685.0,9.0,4.0,21.0,17.0
Mexique,1268868.331537,62845.0,17195.0,9736.0,10846.45,9080.0,9190.116668717856,Americas,63898.082,61187.228,25877.808,125085.311,106450.227,4652.0,1142.0,3515.0,312.0,5249.0,3244.0,19455.0,16718.0,27228.0
Mongolie,13996.719189,506.0,34.0,194.0,399.85,398.0,7164.782820571379,Asia,1626.335,1606.094,995.997,3232.43,2170.247,14.0,14.0,0.0,16.0,43.0,411.0,1.0,6.0,233.0
Monténégro,5542.182456,143.0,107.0,66.0,56.78,47.0,1413.64157340577,Europe,323.013,307.383,206.74,630.396,422.615,10.0,7.0,4.0,9.0,102.0,2.0,27.0,42.0,3.0
Mozambique,15390.031041,3825.0,980.0,1254.0,668.54,247.0,7955.222382339806,Africa,15433.808,14851.787,19935.885,30285.595,11472.938,121.0,24.0,112.0,16.0,696.0,18.0,109.0,268.0,1452.0
Nauru,132.846561,1.0,1.0,0.0,34.50000000000001,1.0,14718.678309115812,Oceania,5.955,6.177,0.0,12.132,11.26,1.0,1.0,0.0,26.0,1.0,78.5,0.0,0.0,233.0
Nicaragua,12611.205562,1482.0,334.0,256.0,242.34,186.0,8782.315269622695,Americas,3379.591,3284.332,2619.224,6663.924,3731.933,134.0,7.0,140.0,0.0,189.0,0.0,68.0,298.0,400.0
Niger,12916.460168,6358.0,530.0,3052.0,231.92000000000002,187.0,3228.037025140527,Africa,11553.632,11889.761,19348.533,23443.393,3828.158,27.0,3.0,20.0,0.0,120.0,5.0,0.0,40.0,38.0
Nigéria,474516.650002,35411.0,11644.0,16042.0,3341.81,1480.0,4175.976181446129,Africa,100623.652,102680.839,98156.422,203304.492,102805.995,252.0,12.0,240.0,19.0,4688.0,60.0,4966.0,302.0,12700.0
Norvège,405510.0,2050.0,428.0,438.0,2151.56,366.0,1635.634346688102,Europe,2652.244,2696.034,938.907,5348.279,4462.009,109.0,3.0,107.0,234.0,591.0,450.0,77.0,80.0,233.0
Nouvelle-Calédonie,9438.127994,60.0,20.0,16.0,40.12,25.0,16821.692637461514,Oceania,142.938,142.436,81.884,285.374,201.492,11.0,10.0,1.0,11.0,33.0,0.0,9.0,0.0,9.0
Nouvelle-Zélande,213434.571358,1840.0,900.0,606.0,703.3,516.0,19179.441076866013,Oceania,2507.303,2451.731,641.441,4959.034,4150.968,223.0,1.0,240.0,298.0,544.0,398.0,315.0,250.0,196.0
Népal,34268.254394,11703.0,1709.0,4534.0,579.76,471.0,7182.535931326031,Asia,15128.288,13704.208,23907.871,28832.496,6034.147,72.0,0.0,63.0,279.0,227.0,2015.0,973.0,414.0,2653.0
Oman,76331.518668,1288.0,845.0,872.0,543.86,240.0,5535.2275606769945,Asia,1678.067,2924.701,728.113,4602.768,4273.762,112.0,115.0,7.0,180.0,815.0,4.0,4.0,340.0,9.0
Ouganda,37718.356702,3941.0,9456.0,1430.0,1066.55,410.0,5781.146752249289,Africa,21707.475,21241.606,34576.219,42949.08,11135.655,69.0,0.0,68.0,1.0,736.0,24.0,138.0,11.0,2760.0
Ouzbékistan,57726.542785,9509.0,3825.0,10603.0,1417.35,1281.0,4904.454751651214,Asia,16481.63,16495.318,16261.493,32976.948,16545.875,90.0,21.0,64.0,1958.0,2787.0,6093.0,276.0,119.0,421.0
Pakistan,253087.564027,36788.0,8745.0,6143.0,4526.39,4051.0,5931.045957504822,Asia,110278.237,113015.042,129085.803,223293.28,75510.639,1353.0,0.0,1523.0,534.0,5.0,24374.0,1619.0,28.0,7883.0
Panama,66787.866841,1346.0,463.0,117.0,449.0,389.0,8785.568603361335,Americas,2114.03,2118.501,1349.902,4232.532,2876.295,241.0,22.0,230.0,0.0,175.0,0.0,494.0,527.0,123.0
Papouasie-Nouvelle-Guinée,24828.833504,646.0,2473.0,568.0,627.52,559.0,14262.803768855947,Oceania,4605.722,4936.763,7448.841,9542.486,1137.684,36.0,30.0,7.0,0.0,286.0,0.0,0.0,1.0,12.0
Paraguay,37906.944206,3614.0,607.0,389.0,312.61,284.0,9856.229591500382,Americas,3249.592,3280.434,2661.61,6530.026,4320.371,72.0,1.0,77.0,230.0,32.0,1358.0,1500.0,16.0,5577.0
Philippines,376823.404772,36841.0,11744.0,7152.0,7147.79,3968.0,11107.1764299305,Asia,54369.671,56011.134,57134.902,110380.804,50971.408,1816.0,306.0,1509.0,1780.0,7422.0,0.0,5120.0,681.0,7979.0
Pologne,597284.45385,26013.0,3492.0,4331.0,3884.91,3321.0,1381.6976253304447,Europe,19867.761,18625.84,15197.181,38493.601,22831.097,1239.0,88.0,2568.0,2490.0,1077.0,10807.0,2800.0,460.0,3665.0
Polynésie française,6166.118532,44.0,20.0,16.0,46.29,29.0,15906.90117810426,Oceania,147.819,151.899,109.928,299.717,178.578,16.0,17.0,1.0,0.0,27.0,0.0,4.0,4.0,233.0
Portugal,239986.922639,4799.0,2485.0,1481.0,1595.07,971.0,1139.0106869537346,Europe,5432.203,4857.72,3510.812,10289.923,6743.854,322.0,90.0,350.0,275.0,1711.0,77.0,2441.0,2252.0,755.0
Pérou,228473.278308,11933.0,5202.0,2495.0,1194.81,2298.0,9780.442548882133,Americas,16556.679,16268.182,7212.742,32824.861,25721.093,1833.0,71.0,1763.0,174.0,2045.0,188.0,4856.0,4038.0,1576.0
Qatar,175837.550996,947.0,262.0,445.0,285.48,224.0,4890.166303968697,Asia,751.299,2055.936,22.293,2807.235,2721.608,159.0,132.0,27.0,0.0,282.0,0.0,66.0,71.0,1.0
Roumanie,249880.118218,14780.0,3135.0,3001.0,1479.88,1299.0,1749.0400182993194,Europe,10073.321,9450.89,8946.041,19524.211,10537.319,462.0,130.0,507.0,471.0,1263.0,10298.0,7565.0,657.0,17432.0
Rwanda,10357.474541,1162.0,2040.0,655.0,169.01,110.0,6003.349818387047,Africa,6568.936,6266.092,10579.327,12835.028,2215.085,21.0,0.0,19.0,16.0,213.0,16.0,240.0,79.0,421.0
République centrafricaine,2219.195548,181.0,315.0,97.0,227.60999999999999,192.0,4757.044093227032,Africa,2603.472,2605.852,2810.003,5209.324,2015.708,12.0,6.0,7.0,0.0,16.0,0.0,0.0,3.0,90.0
République dominicaine,88941.371981,2840.0,4528.0,1303.0,678.51,577.0,7173.635695845368,Americas,5409.472,5472.41,1998.33,10881.882,8998.444,386.0,40.0,355.0,188.0,650.0,0.0,1292.0,1403.0,50.0
Sainte-Lucie,2118.792593,25.0,20.0,8.0,18.169999999999998,12.0,6843.782872558276,Americas,90.001,88.582,146.612,178.583,33.842,6.0,5.0,1.0,0.0,20.0,0.0,1.0,3.0,0.0
Samoa,847.239532,27.0,46.0,3.0,33.94,23.0,16365.75424742898,Oceania,103.759,108.147,162.995,211.905,35.914,18.0,20.0,0.0,26.0,16.0,78.5,0.0,0.0,233.0
Sao Tomé-et-Principe,430.633136,24.0,52.0,5.0,15.870000000000001,5.0,5137.571783422904,Africa,107.476,107.123,56.336,214.599,157.043,4.0,3.0,1.0,26.0,11.0,78.5,0.0,1.0,1.0
Serbie,51514.242776,6521.0,1330.0,764.0,610.9,543.0,1491.1165010831314,Europe,3852.092,3548.963,3819.987,7401.056,4913.42,121.0,17.0,114.0,500.0,66.0,2535.0,3512.0,8.0,7345.0
Seychelles,1582.869257,20.0,10.0,11.0,14.899999999999999,7.0,7706.62341168862,Africa,49.453,54.919,41.038,104.373,54.664,4.0,3.0,1.0,0.0,9.0,0.0,2.0,5.0,0.0
Sierra Leone,4121.733685,1794.0,271.0,410.0,281.4,78.0,4406.451560698076,Africa,4016.374,4030.454,4534.084,8046.828,3349.039,44.0,20.0,19.0,0.0,93.0,0.0,9.0,1.0,39.0
Slovaquie,105284.375641,2363.0,357.0,387.0,404.78,348.0,1339.3910257736354,Europe,2790.862,2663.062,2522.243,5453.924,2928.744,115.0,104.0,71.0,410.0,344.0,1939.0,543.0,136.0,1445.0
Slovénie,54178.877606,840.0,281.0,230.0,184.46,156.0,982.8774365909936,Europe,1054.83,1058.072,940.556,2112.901,1141.344,60.0,23.0,70.0,8.0,336.0,140.0,162.0,754.0,360.0
Soudan,34895.36208,8283.0,3095.0,3958.0,1022.65,972.0,4544.305953981766,Africa,21624.451,21607.642,27661.508,43232.093,14852.586,75.0,0.0,75.0,0.0,2156.0,726.0,2.0,47.0,25.0
Sri Lanka,83990.932868,5627.0,806.0,1128.0,923.09,214.0,8497.188904323175,Asia,11208.805,10440.86,17112.476,21649.664,3906.383,186.0,0.0,187.0,44.0,987.0,0.0,143.0,136.0,246.0
Suisse,731718.481696,2013.0,945.0,785.0,701.51,564.0,464.65203278608294,Europe,4322.373,4253.216,2251.16,8575.588,6357.099,143.0,45.0,100.0,255.0,645.0,496.0,300.0,156.0,175.0
Suriname,3977.099088,214.0,-11.0,37.0,60.68,38.0,7297.750103729965,Americas,300.864,299.437,194.302,600.301,378.783,30.0,19.0,11.0,0.0,38.0,0.0,7.0,8.0,0.0
Suède,533879.529188,4373.0,761.0,922.0,1134.92,775.0,1882.8833552456347,Europe,5104.556,5163.366,1235.72,10267.922,8817.415,226.0,84.0,158.0,925.0,628.0,3477.0,86.0,157.0,11.0
Sénégal,23306.213218,5242.0,326.0,2339.0,482.51,283.0,3855.6177049679386,Africa,8140.163,7860.618,8764.887,16000.781,7978.972,117.0,0.0,116.0,0.0,773.0,0.0,29.0,382.0,531.0
Tadjikistan,8300.81389,2619.0,565.0,2869.0,346.27,340.0,5536.61722199249,Asia,4640.105,4696.898,6754.441,9337.003,2537.559,20.0,9.0,16.0,451.0,1229.0,837.0,222.0,4.0,233.0
Tchad,11271.66391,3021.0,129.0,110.0,889.32,781.0,3750.443395938265,Africa,8032.044,8094.822,12132.857,16126.866,3681.488,8.0,2.0,7.0,2.0,66.0,2.0,32.0,10.0,415.0
Thaïlande,544263.738706,28612.0,6284.0,3099.0,4329.67,1976.0,9395.601115862537,Asia,36584.375,34723.388,34173.268,71307.763,35132.892,918.0,3.0,1804.0,1695.0,3098.0,1.0,4139.0,804.0,4535.0
Togo,6894.331919,1700.0,65.0,178.0,210.11,110.0,4183.927017281147,Africa,4101.08,4142.015,4727.819,8243.094,3458.565,66.0,25.0,42.0,0.0,142.0,0.0,124.0,1.0,912.0
Trinité-et-Tobago,23886.519296,290.0,87.0,50.0,140.12,108.0,7119.371832318855,Americas,768.058,751.897,643.884,1519.955,731.559,89.0,25.0,62.0,0.0,132.0,0.0,77.0,97.0,5.0
Tunisie,39195.271092,5287.0,1674.0,3583.0,504.5,319.0,1505.524668689089,Africa,6086.59,5962.724,3622.883,12049.314,8160.285,203.0,1.0,227.0,331.0,1853.0,1455.0,1026.0,1039.0,0.0
Turkménistan,43460.686357,1728.0,442.0,947.0,336.98,320.0,4658.537291831572,Asia,3108.189,3050.231,2849.593,6158.42,3092.968,33.0,13.0,20.0,168.0,299.0,1500.0,39.0,3.0,40.0
Turquie,761001.835674,40122.0,12969.0,29321.0,4437.32,2913.0,2798.8674166076576,Asia,41614.734,41866.95,20217.893,83481.684,62743.912,1723.0,44.0,2202.0,1899.0,10081.0,19000.0,5532.0,4350.0,6000.0
Ukraine,153929.552493,16970.0,3258.0,10259.0,2927.59,2306.0,2182.950444754202,Europe,23730.427,20480.667,13369.27,44211.094,30425.95,1176.0,86.0,1390.0,2022.0,136.0,28370.0,6018.0,53.0,35880.0
Uruguay,61231.193299,1791.0,384.0,227.0,265.33,233.0,10511.00375445119,Americas,1769.262,1659.147,159.283,3428.409,3322.873,76.0,6.0,72.0,48.0,41.0,728.0,712.0,257.0,816.0
Vanuatu,934.239701,31.0,23.0,15.0,1.08,11.0,16302.964945527163,Oceania,151.256,153.149,214.878,304.404,73.139,5.0,4.0,1.0,26.0,13.0,78.5,1.0,0.0,1.0
Yémen,25246.23812,5438.0,980.0,676.0,631.57,540.0,5465.594701989006,Asia,15593.113,15953.578,18554.546,31546.691,11025.44,330.0,140.0,190.0,0.0,3617.0,100.0,360.0,723.0,48.0
Zambie,23309.720448,2961.0,147.0,423.0,556.67,303.0,7081.4697106650565,Africa,9314.079,9066.397,10143.883,18380.477,7993.486,50.0,23.0,51.0,0.0,44.0,152.0,284.0,4.0,2004.0
Zimbabwe,21935.075306,1618.0,251.0,224.0,816.83,772.0,7744.496716269607,Africa,8122.618,7231.989,11725.97,15354.608,5571.525,69.0,1.0,67.0,0.0,138.0,80.0,92.0,77.0,509.0
Égypte,317359.293188,37352.0,10240.0,16314.0,5499.6,2691.0,3311.7628897317904,Africa,52189.268,53429.404,57939.247,105618.671,43229.498,1663.0,36.0,1630.0,0.0,10465.0,8574.0,5957.0,8087.0,7593.0
Émirats arabes unis,417215.559513,2925.0,1294.0,1632.0,1250.88,921.0,5234.379464901446,Asia,2767.844,6443.813,1279.098,9211.657,8402.99,648.0,689.0,45.0,227.0,1599.0,0.0,453.0,530.0,26.0
Équateur,108108.009,4118.0,935.0,429.0,880.99,799.0,9418.855928169216,Americas,8670.974,8672.767,6158.51,17343.74,10941.934,322.0,0.0,322.0,365.0,1233.0,5.0,583.0,70.0,1480.0
Éthiopie,92561.902026,32107.0,1052.0,1584.0,913.14,851.0,5491.584476872576,Africa,56745.161,57375.433,86759.295,114120.594,23376.34,59.0,1.0,58.0,108.0,1472.0,5315.0,757.0,82.0,9636.0
Îles Salomon,1570.155017,89.0,28.0,9.0,28.28,9.0,15440.358711821866,Oceania,329.962,345.031,481.459,674.993,153.795,4.0,4.0,0.0,0.0,22.0,0.0,0.0,0.0,233.0
